book,pdf_page,printed_page,chapter,section,kind,words,embedded_images,drawings,status,output_md,review_notes
Conway,1,,,,scan_without_ocr_layer,0,1,0,ai_review_passed,C:\Users\moc90\OneDrive\Desktop\workspace\Statistics\Functional Analysis\md\Conway\front-matter.md,C:\Users\moc90\OneDrive\Desktop\workspace\Statistics\Functional Analysis\work\pdf-to-md\api\conway\conway-p0001-status.json
Conway,2,,,,scan_with_ocr_layer,11,1,0,ai_review_passed,C:\Users\moc90\OneDrive\Desktop\workspace\Statistics\Functional Analysis\md\Conway\front-matter.md,C:\Users\moc90\OneDrive\Desktop\workspace\Statistics\Functional Analysis\work\pdf-to-md\api\conway\conway-p0002-status.json
Conway,3,,,,scan_with_ocr_layer,531,1,0,ai_review_passed,C:\Users\moc90\OneDrive\Desktop\workspace\Statistics\Functional Analysis\md\Conway\front-matter.md,C:\Users\moc90\OneDrive\Desktop\workspace\Statistics\Functional Analysis\work\pdf-to-md\api\conway\conway-p0003-status.json
Conway,4,,,,scan_with_ocr_layer,11,1,0,ai_review_passed,C:\Users\moc90\OneDrive\Desktop\workspace\Statistics\Functional Analysis\md\Conway\front-matter.md,C:\Users\moc90\OneDrive\Desktop\workspace\Statistics\Functional Analysis\work\pdf-to-md\api\conway\conway-p0004-status.json
Conway,5,,,,scan_with_ocr_layer,242,1,0,ai_review_passed,C:\Users\moc90\OneDrive\Desktop\workspace\Statistics\Functional Analysis\md\Conway\front-matter.md,C:\Users\moc90\OneDrive\Desktop\workspace\Statistics\Functional Analysis\work\pdf-to-md\api\conway\conway-p0005-status.json
Conway,6,,,,image_or_sparse,4,1,0,ai_review_passed,C:\Users\moc90\OneDrive\Desktop\workspace\Statistics\Functional Analysis\md\Conway\front-matter.md,C:\Users\moc90\OneDrive\Desktop\workspace\Statistics\Functional Analysis\work\pdf-to-md\api\conway\conway-p0006-status.json
Conway,7,,,,scan_with_ocr_layer,349,1,0,ai_review_passed,C:\Users\moc90\OneDrive\Desktop\workspace\Statistics\Functional Analysis\md\Conway\front-matter.md,C:\Users\moc90\OneDrive\Desktop\workspace\Statistics\Functional Analysis\work\pdf-to-md\api\conway\conway-p0007-status.json
Conway,8,,,,scan_with_ocr_layer,545,1,0,ai_review_passed,C:\Users\moc90\OneDrive\Desktop\workspace\Statistics\Functional Analysis\md\Conway\front-matter.md,C:\Users\moc90\OneDrive\Desktop\workspace\Statistics\Functional Analysis\work\pdf-to-md\api\conway\conway-p0008-status.json
Conway,9,,,,scan_with_ocr_layer,538,1,0,reviewer_issue_resolved,C:\Users\moc90\OneDrive\Desktop\workspace\Statistics\Functional Analysis\md\Conway\front-matter.md,C:\Users\moc90\OneDrive\Desktop\workspace\Statistics\Functional Analysis\work\pdf-to-md\api\conway\conway-p0009-status.json
Conway,10,,,,scan_with_ocr_layer,63,1,0,ai_review_passed,C:\Users\moc90\OneDrive\Desktop\workspace\Statistics\Functional Analysis\md\Conway\front-matter.md,C:\Users\moc90\OneDrive\Desktop\workspace\Statistics\Functional Analysis\work\pdf-to-md\api\conway\conway-p0010-status.json
Conway,11,,,,scan_with_ocr_layer,172,1,0,ai_review_passed,C:\Users\moc90\OneDrive\Desktop\workspace\Statistics\Functional Analysis\md\Conway\front-matter.md,C:\Users\moc90\OneDrive\Desktop\workspace\Statistics\Functional Analysis\work\pdf-to-md\api\conway\conway-p0011-status.json
Conway,12,,,,scan_with_ocr_layer,142,1,0,ai_review_passed,C:\Users\moc90\OneDrive\Desktop\workspace\Statistics\Functional Analysis\md\Conway\front-matter.md,C:\Users\moc90\OneDrive\Desktop\workspace\Statistics\Functional Analysis\work\pdf-to-md\api\conway\conway-p0012-status.json
Conway,13,,,,scan_with_ocr_layer,256,1,0,ai_review_passed,C:\Users\moc90\OneDrive\Desktop\workspace\Statistics\Functional Analysis\md\Conway\front-matter.md,C:\Users\moc90\OneDrive\Desktop\workspace\Statistics\Functional Analysis\work\pdf-to-md\api\conway\conway-p0013-status.json
Conway,14,,,,scan_with_ocr_layer,248,1,0,ai_review_passed,C:\Users\moc90\OneDrive\Desktop\workspace\Statistics\Functional Analysis\md\Conway\front-matter.md,C:\Users\moc90\OneDrive\Desktop\workspace\Statistics\Functional Analysis\work\pdf-to-md\api\conway\conway-p0014-status.json
Conway,15,,,,scan_with_ocr_layer,71,1,0,ai_review_passed,C:\Users\moc90\OneDrive\Desktop\workspace\Statistics\Functional Analysis\md\Conway\front-matter.md,C:\Users\moc90\OneDrive\Desktop\workspace\Statistics\Functional Analysis\work\pdf-to-md\api\conway\conway-p0015-status.json
Conway,16,1,I. Hilbert Spaces,,scan_with_ocr_layer,250,1,0,ai_review_passed,C:\Users\moc90\OneDrive\Desktop\workspace\Statistics\Functional Analysis\md\Conway\chapter-01.md,C:\Users\moc90\OneDrive\Desktop\workspace\Statistics\Functional Analysis\work\pdf-to-md\api\conway\conway-p0016-status.json
Conway,17,2,I. Hilbert Spaces,,scan_with_ocr_layer,310,1,0,ai_review_passed,C:\Users\moc90\OneDrive\Desktop\workspace\Statistics\Functional Analysis\md\Conway\chapter-01.md,C:\Users\moc90\OneDrive\Desktop\workspace\Statistics\Functional Analysis\work\pdf-to-md\api\conway\conway-p0017-status.json
Conway,18,3,I. Hilbert Spaces,,scan_with_ocr_layer,345,1,0,ai_review_passed,C:\Users\moc90\OneDrive\Desktop\workspace\Statistics\Functional Analysis\md\Conway\chapter-01.md,C:\Users\moc90\OneDrive\Desktop\workspace\Statistics\Functional Analysis\work\pdf-to-md\api\conway\conway-p0018-status.json
Conway,19,4,I. Hilbert Spaces,,scan_with_ocr_layer,502,1,0,ai_review_passed,C:\Users\moc90\OneDrive\Desktop\workspace\Statistics\Functional Analysis\md\Conway\chapter-01.md,C:\Users\moc90\OneDrive\Desktop\workspace\Statistics\Functional Analysis\work\pdf-to-md\api\conway\conway-p0019-status.json
Conway,20,5,I. Hilbert Spaces,,scan_with_ocr_layer,358,1,0,ai_review_passed,C:\Users\moc90\OneDrive\Desktop\workspace\Statistics\Functional Analysis\md\Conway\chapter-01.md,C:\Users\moc90\OneDrive\Desktop\workspace\Statistics\Functional Analysis\work\pdf-to-md\api\conway\conway-p0020-status.json
Conway,21,6,I. Hilbert Spaces,,scan_with_ocr_layer,323,1,0,ai_review_passed,C:\Users\moc90\OneDrive\Desktop\workspace\Statistics\Functional Analysis\md\Conway\chapter-01.md,C:\Users\moc90\OneDrive\Desktop\workspace\Statistics\Functional Analysis\work\pdf-to-md\api\conway\conway-p0021-status.json
Conway,22,7,I. Hilbert Spaces,,scan_with_ocr_layer,400,1,0,reviewer_issue_resolved,C:\Users\moc90\OneDrive\Desktop\workspace\Statistics\Functional Analysis\md\Conway\chapter-01.md,C:\Users\moc90\OneDrive\Desktop\workspace\Statistics\Functional Analysis\work\pdf-to-md\api\conway\conway-p0022-status.json
Conway,23,8,I. Hilbert Spaces,,scan_with_ocr_layer,474,1,0,ai_review_passed,C:\Users\moc90\OneDrive\Desktop\workspace\Statistics\Functional Analysis\md\Conway\chapter-01.md,C:\Users\moc90\OneDrive\Desktop\workspace\Statistics\Functional Analysis\work\pdf-to-md\api\conway\conway-p0023-status.json
Conway,24,9,I. Hilbert Spaces,,scan_with_ocr_layer,423,1,0,ai_review_passed,C:\Users\moc90\OneDrive\Desktop\workspace\Statistics\Functional Analysis\md\Conway\chapter-01.md,C:\Users\moc90\OneDrive\Desktop\workspace\Statistics\Functional Analysis\work\pdf-to-md\api\conway\conway-p0024-status.json
Conway,25,10,I. Hilbert Spaces,,scan_with_ocr_layer,523,1,0,ai_review_passed,C:\Users\moc90\OneDrive\Desktop\workspace\Statistics\Functional Analysis\md\Conway\chapter-01.md,C:\Users\moc90\OneDrive\Desktop\workspace\Statistics\Functional Analysis\work\pdf-to-md\api\conway\conway-p0025-status.json
Conway,26,11,I. Hilbert Spaces,,scan_with_ocr_layer,420,1,0,ai_review_passed,C:\Users\moc90\OneDrive\Desktop\workspace\Statistics\Functional Analysis\md\Conway\chapter-01.md,C:\Users\moc90\OneDrive\Desktop\workspace\Statistics\Functional Analysis\work\pdf-to-md\api\conway\conway-p0026-status.json
Conway,27,12,I. Hilbert Spaces,,scan_with_ocr_layer,477,1,0,ai_review_passed,C:\Users\moc90\OneDrive\Desktop\workspace\Statistics\Functional Analysis\md\Conway\chapter-01.md,C:\Users\moc90\OneDrive\Desktop\workspace\Statistics\Functional Analysis\work\pdf-to-md\api\conway\conway-p0027-status.json
Conway,28,13,I. Hilbert Spaces,,scan_with_ocr_layer,546,1,0,ai_review_passed,C:\Users\moc90\OneDrive\Desktop\workspace\Statistics\Functional Analysis\md\Conway\chapter-01.md,C:\Users\moc90\OneDrive\Desktop\workspace\Statistics\Functional Analysis\work\pdf-to-md\api\conway\conway-p0028-status.json
Conway,29,14,I. Hilbert Spaces,,scan_with_ocr_layer,438,1,0,ai_review_passed,C:\Users\moc90\OneDrive\Desktop\workspace\Statistics\Functional Analysis\md\Conway\chapter-01.md,C:\Users\moc90\OneDrive\Desktop\workspace\Statistics\Functional Analysis\work\pdf-to-md\api\conway\conway-p0029-status.json
Conway,30,15,I. Hilbert Spaces,,scan_with_ocr_layer,358,1,0,ai_review_passed,C:\Users\moc90\OneDrive\Desktop\workspace\Statistics\Functional Analysis\md\Conway\chapter-01.md,C:\Users\moc90\OneDrive\Desktop\workspace\Statistics\Functional Analysis\work\pdf-to-md\api\conway\conway-p0030-status.json
Conway,31,16,I. Hilbert Spaces,,scan_with_ocr_layer,412,1,0,ai_review_passed,C:\Users\moc90\OneDrive\Desktop\workspace\Statistics\Functional Analysis\md\Conway\chapter-01.md,C:\Users\moc90\OneDrive\Desktop\workspace\Statistics\Functional Analysis\work\pdf-to-md\api\conway\conway-p0031-status.json
Conway,32,17,I. Hilbert Spaces,,scan_with_ocr_layer,516,1,0,reviewer_issue_resolved,C:\Users\moc90\OneDrive\Desktop\workspace\Statistics\Functional Analysis\md\Conway\chapter-01.md,C:\Users\moc90\OneDrive\Desktop\workspace\Statistics\Functional Analysis\work\pdf-to-md\api\conway\conway-p0032-status.json
Conway,33,18,I. Hilbert Spaces,,scan_with_ocr_layer,359,1,0,ai_review_passed,C:\Users\moc90\OneDrive\Desktop\workspace\Statistics\Functional Analysis\md\Conway\chapter-01.md,C:\Users\moc90\OneDrive\Desktop\workspace\Statistics\Functional Analysis\work\pdf-to-md\api\conway\conway-p0033-status.json
Conway,34,19,I. Hilbert Spaces,,scan_with_ocr_layer,465,1,0,ai_review_passed,C:\Users\moc90\OneDrive\Desktop\workspace\Statistics\Functional Analysis\md\Conway\chapter-01.md,C:\Users\moc90\OneDrive\Desktop\workspace\Statistics\Functional Analysis\work\pdf-to-md\api\conway\conway-p0034-status.json
Conway,35,20,I. Hilbert Spaces,,scan_with_ocr_layer,480,1,0,reviewer_issue_resolved,C:\Users\moc90\OneDrive\Desktop\workspace\Statistics\Functional Analysis\md\Conway\chapter-01.md,C:\Users\moc90\OneDrive\Desktop\workspace\Statistics\Functional Analysis\work\pdf-to-md\api\conway\conway-p0035-status.json
Conway,36,21,I. Hilbert Spaces,,scan_with_ocr_layer,412,1,0,ai_review_passed,C:\Users\moc90\OneDrive\Desktop\workspace\Statistics\Functional Analysis\md\Conway\chapter-01.md,C:\Users\moc90\OneDrive\Desktop\workspace\Statistics\Functional Analysis\work\pdf-to-md\api\conway\conway-p0036-status.json
Conway,37,22,I. Hilbert Spaces,,scan_with_ocr_layer,459,1,0,ai_review_passed,C:\Users\moc90\OneDrive\Desktop\workspace\Statistics\Functional Analysis\md\Conway\chapter-01.md,C:\Users\moc90\OneDrive\Desktop\workspace\Statistics\Functional Analysis\work\pdf-to-md\api\conway\conway-p0037-status.json
Conway,38,23,I. Hilbert Spaces,,scan_with_ocr_layer,471,1,0,ai_review_passed,C:\Users\moc90\OneDrive\Desktop\workspace\Statistics\Functional Analysis\md\Conway\chapter-01.md,C:\Users\moc90\OneDrive\Desktop\workspace\Statistics\Functional Analysis\work\pdf-to-md\api\conway\conway-p0038-status.json
Conway,39,24,I. Hilbert Spaces,,scan_with_ocr_layer,459,1,0,reviewer_issue_resolved,C:\Users\moc90\OneDrive\Desktop\workspace\Statistics\Functional Analysis\md\Conway\chapter-01.md,C:\Users\moc90\OneDrive\Desktop\workspace\Statistics\Functional Analysis\work\pdf-to-md\api\conway\conway-p0039-status.json
Conway,40,25,I. Hilbert Spaces,,scan_with_ocr_layer,80,1,0,ai_review_passed,C:\Users\moc90\OneDrive\Desktop\workspace\Statistics\Functional Analysis\md\Conway\chapter-01.md,C:\Users\moc90\OneDrive\Desktop\workspace\Statistics\Functional Analysis\work\pdf-to-md\api\conway\conway-p0040-status.json
Conway,41,26,II. Operators on Hilbert Space,,scan_with_ocr_layer,223,1,0,ai_review_passed,C:\Users\moc90\OneDrive\Desktop\workspace\Statistics\Functional Analysis\md\Conway\chapter-02.md,C:\Users\moc90\OneDrive\Desktop\workspace\Statistics\Functional Analysis\work\pdf-to-md\api\conway\conway-p0041-status.json
Conway,42,27,II. Operators on Hilbert Space,,scan_with_ocr_layer,519,1,0,reviewer_issue_resolved,C:\Users\moc90\OneDrive\Desktop\workspace\Statistics\Functional Analysis\md\Conway\chapter-02.md,C:\Users\moc90\OneDrive\Desktop\workspace\Statistics\Functional Analysis\work\pdf-to-md\api\conway\conway-p0042-status.json
Conway,43,28,II. Operators on Hilbert Space,,scan_with_ocr_layer,450,1,0,ai_review_passed,C:\Users\moc90\OneDrive\Desktop\workspace\Statistics\Functional Analysis\md\Conway\chapter-02.md,C:\Users\moc90\OneDrive\Desktop\workspace\Statistics\Functional Analysis\work\pdf-to-md\api\conway\conway-p0043-status.json
Conway,44,29,II. Operators on Hilbert Space,,scan_with_ocr_layer,248,1,0,ai_review_passed,C:\Users\moc90\OneDrive\Desktop\workspace\Statistics\Functional Analysis\md\Conway\chapter-02.md,C:\Users\moc90\OneDrive\Desktop\workspace\Statistics\Functional Analysis\work\pdf-to-md\api\conway\conway-p0044-status.json
Conway,45,30,II. Operators on Hilbert Space,,scan_with_ocr_layer,482,1,0,ai_repair_passed,C:\Users\moc90\OneDrive\Desktop\workspace\Statistics\Functional Analysis\md\Conway\chapter-02.md,C:\Users\moc90\OneDrive\Desktop\workspace\Statistics\Functional Analysis\work\pdf-to-md\api\conway\conway-p0045-status.json
Conway,46,31,II. Operators on Hilbert Space,,scan_with_ocr_layer,496,1,0,ai_review_passed,C:\Users\moc90\OneDrive\Desktop\workspace\Statistics\Functional Analysis\md\Conway\chapter-02.md,C:\Users\moc90\OneDrive\Desktop\workspace\Statistics\Functional Analysis\work\pdf-to-md\api\conway\conway-p0046-status.json
Conway,47,32,II. Operators on Hilbert Space,,scan_with_ocr_layer,448,1,0,ai_review_passed,C:\Users\moc90\OneDrive\Desktop\workspace\Statistics\Functional Analysis\md\Conway\chapter-02.md,C:\Users\moc90\OneDrive\Desktop\workspace\Statistics\Functional Analysis\work\pdf-to-md\api\conway\conway-p0047-status.json
Conway,48,33,II. Operators on Hilbert Space,,scan_with_ocr_layer,455,1,0,ai_review_passed,C:\Users\moc90\OneDrive\Desktop\workspace\Statistics\Functional Analysis\md\Conway\chapter-02.md,C:\Users\moc90\OneDrive\Desktop\workspace\Statistics\Functional Analysis\work\pdf-to-md\api\conway\conway-p0048-status.json
Conway,49,34,II. Operators on Hilbert Space,,scan_with_ocr_layer,384,1,0,ai_review_passed,C:\Users\moc90\OneDrive\Desktop\workspace\Statistics\Functional Analysis\md\Conway\chapter-02.md,C:\Users\moc90\OneDrive\Desktop\workspace\Statistics\Functional Analysis\work\pdf-to-md\api\conway\conway-p0049-status.json
Conway,50,35,II. Operators on Hilbert Space,,scan_with_ocr_layer,370,1,0,reviewer_issue_resolved,C:\Users\moc90\OneDrive\Desktop\workspace\Statistics\Functional Analysis\md\Conway\chapter-02.md,C:\Users\moc90\OneDrive\Desktop\workspace\Statistics\Functional Analysis\work\pdf-to-md\api\conway\conway-p0050-status.json
Conway,51,36,II. Operators on Hilbert Space,,scan_with_ocr_layer,389,1,0,ai_review_passed,C:\Users\moc90\OneDrive\Desktop\workspace\Statistics\Functional Analysis\md\Conway\chapter-02.md,C:\Users\moc90\OneDrive\Desktop\workspace\Statistics\Functional Analysis\work\pdf-to-md\api\conway\conway-p0051-status.json
Conway,52,37,II. Operators on Hilbert Space,,scan_with_ocr_layer,558,1,0,ai_review_passed,C:\Users\moc90\OneDrive\Desktop\workspace\Statistics\Functional Analysis\md\Conway\chapter-02.md,C:\Users\moc90\OneDrive\Desktop\workspace\Statistics\Functional Analysis\work\pdf-to-md\api\conway\conway-p0052-status.json
Conway,53,38,II. Operators on Hilbert Space,,scan_with_ocr_layer,520,1,0,ai_repair_passed,C:\Users\moc90\OneDrive\Desktop\workspace\Statistics\Functional Analysis\md\Conway\chapter-02.md,C:\Users\moc90\OneDrive\Desktop\workspace\Statistics\Functional Analysis\work\pdf-to-md\api\conway\conway-p0053-status.json
Conway,54,39,II. Operators on Hilbert Space,,scan_with_ocr_layer,306,1,0,ai_review_passed,C:\Users\moc90\OneDrive\Desktop\workspace\Statistics\Functional Analysis\md\Conway\chapter-02.md,C:\Users\moc90\OneDrive\Desktop\workspace\Statistics\Functional Analysis\work\pdf-to-md\api\conway\conway-p0054-status.json
Conway,55,40,II. Operators on Hilbert Space,,scan_with_ocr_layer,582,1,0,ai_review_passed,C:\Users\moc90\OneDrive\Desktop\workspace\Statistics\Functional Analysis\md\Conway\chapter-02.md,C:\Users\moc90\OneDrive\Desktop\workspace\Statistics\Functional Analysis\work\pdf-to-md\api\conway\conway-p0055-status.json
Conway,56,41,II. Operators on Hilbert Space,,scan_with_ocr_layer,420,1,0,ai_review_passed,C:\Users\moc90\OneDrive\Desktop\workspace\Statistics\Functional Analysis\md\Conway\chapter-02.md,C:\Users\moc90\OneDrive\Desktop\workspace\Statistics\Functional Analysis\work\pdf-to-md\api\conway\conway-p0056-status.json
Conway,57,42,II. Operators on Hilbert Space,,scan_with_ocr_layer,506,1,0,ai_repair_passed,C:\Users\moc90\OneDrive\Desktop\workspace\Statistics\Functional Analysis\md\Conway\chapter-02.md,C:\Users\moc90\OneDrive\Desktop\workspace\Statistics\Functional Analysis\work\pdf-to-md\api\conway\conway-p0057-status.json
Conway,58,43,II. Operators on Hilbert Space,,scan_with_ocr_layer,331,1,0,ai_review_passed,C:\Users\moc90\OneDrive\Desktop\workspace\Statistics\Functional Analysis\md\Conway\chapter-02.md,C:\Users\moc90\OneDrive\Desktop\workspace\Statistics\Functional Analysis\work\pdf-to-md\api\conway\conway-p0058-status.json
Conway,59,44,II. Operators on Hilbert Space,,scan_with_ocr_layer,378,1,0,ai_review_passed,C:\Users\moc90\OneDrive\Desktop\workspace\Statistics\Functional Analysis\md\Conway\chapter-02.md,C:\Users\moc90\OneDrive\Desktop\workspace\Statistics\Functional Analysis\work\pdf-to-md\api\conway\conway-p0059-status.json
Conway,60,45,II. Operators on Hilbert Space,,scan_with_ocr_layer,508,1,0,ai_repair_passed,C:\Users\moc90\OneDrive\Desktop\workspace\Statistics\Functional Analysis\md\Conway\chapter-02.md,C:\Users\moc90\OneDrive\Desktop\workspace\Statistics\Functional Analysis\work\pdf-to-md\api\conway\conway-p0060-status.json
Conway,61,46,II. Operators on Hilbert Space,,scan_with_ocr_layer,439,1,0,ai_repair_passed,C:\Users\moc90\OneDrive\Desktop\workspace\Statistics\Functional Analysis\md\Conway\chapter-02.md,C:\Users\moc90\OneDrive\Desktop\workspace\Statistics\Functional Analysis\work\pdf-to-md\api\conway\conway-p0061-status.json
Conway,62,47,II. Operators on Hilbert Space,,scan_with_ocr_layer,432,1,0,ai_review_passed,C:\Users\moc90\OneDrive\Desktop\workspace\Statistics\Functional Analysis\md\Conway\chapter-02.md,C:\Users\moc90\OneDrive\Desktop\workspace\Statistics\Functional Analysis\work\pdf-to-md\api\conway\conway-p0062-status.json
Conway,63,48,II. Operators on Hilbert Space,,scan_with_ocr_layer,575,1,0,ai_review_passed,C:\Users\moc90\OneDrive\Desktop\workspace\Statistics\Functional Analysis\md\Conway\chapter-02.md,C:\Users\moc90\OneDrive\Desktop\workspace\Statistics\Functional Analysis\work\pdf-to-md\api\conway\conway-p0063-status.json
Conway,64,49,II. Operators on Hilbert Space,,scan_with_ocr_layer,436,1,0,ai_repair_passed,C:\Users\moc90\OneDrive\Desktop\workspace\Statistics\Functional Analysis\md\Conway\chapter-02.md,C:\Users\moc90\OneDrive\Desktop\workspace\Statistics\Functional Analysis\work\pdf-to-md\api\conway\conway-p0064-status.json
Conway,65,50,II. Operators on Hilbert Space,,scan_with_ocr_layer,399,1,0,ai_repair_passed,C:\Users\moc90\OneDrive\Desktop\workspace\Statistics\Functional Analysis\md\Conway\chapter-02.md,C:\Users\moc90\OneDrive\Desktop\workspace\Statistics\Functional Analysis\work\pdf-to-md\api\conway\conway-p0065-status.json
Conway,66,51,II. Operators on Hilbert Space,,scan_with_ocr_layer,317,1,0,ai_review_passed,C:\Users\moc90\OneDrive\Desktop\workspace\Statistics\Functional Analysis\md\Conway\chapter-02.md,C:\Users\moc90\OneDrive\Desktop\workspace\Statistics\Functional Analysis\work\pdf-to-md\api\conway\conway-p0066-status.json
Conway,67,52,II. Operators on Hilbert Space,,scan_with_ocr_layer,476,1,0,ai_review_passed,C:\Users\moc90\OneDrive\Desktop\workspace\Statistics\Functional Analysis\md\Conway\chapter-02.md,C:\Users\moc90\OneDrive\Desktop\workspace\Statistics\Functional Analysis\work\pdf-to-md\api\conway\conway-p0067-status.json
Conway,68,53,II. Operators on Hilbert Space,,scan_with_ocr_layer,557,1,0,reviewer_issue_resolved,C:\Users\moc90\OneDrive\Desktop\workspace\Statistics\Functional Analysis\md\Conway\chapter-02.md,C:\Users\moc90\OneDrive\Desktop\workspace\Statistics\Functional Analysis\work\pdf-to-md\api\conway\conway-p0068-status.json
Conway,69,54,II. Operators on Hilbert Space,,scan_with_ocr_layer,458,1,0,ai_review_passed,C:\Users\moc90\OneDrive\Desktop\workspace\Statistics\Functional Analysis\md\Conway\chapter-02.md,C:\Users\moc90\OneDrive\Desktop\workspace\Statistics\Functional Analysis\work\pdf-to-md\api\conway\conway-p0069-status.json
Conway,70,55,II. Operators on Hilbert Space,,scan_with_ocr_layer,523,1,0,ai_review_passed,C:\Users\moc90\OneDrive\Desktop\workspace\Statistics\Functional Analysis\md\Conway\chapter-02.md,C:\Users\moc90\OneDrive\Desktop\workspace\Statistics\Functional Analysis\work\pdf-to-md\api\conway\conway-p0070-status.json
Conway,71,56,II. Operators on Hilbert Space,,scan_with_ocr_layer,438,1,0,ai_review_passed,C:\Users\moc90\OneDrive\Desktop\workspace\Statistics\Functional Analysis\md\Conway\chapter-02.md,C:\Users\moc90\OneDrive\Desktop\workspace\Statistics\Functional Analysis\work\pdf-to-md\api\conway\conway-p0071-status.json
Conway,72,57,II. Operators on Hilbert Space,,scan_with_ocr_layer,490,1,0,ai_repair_passed,C:\Users\moc90\OneDrive\Desktop\workspace\Statistics\Functional Analysis\md\Conway\chapter-02.md,C:\Users\moc90\OneDrive\Desktop\workspace\Statistics\Functional Analysis\work\pdf-to-md\api\conway\conway-p0072-status.json
Conway,73,58,II. Operators on Hilbert Space,,scan_with_ocr_layer,557,1,0,ai_review_passed,C:\Users\moc90\OneDrive\Desktop\workspace\Statistics\Functional Analysis\md\Conway\chapter-02.md,C:\Users\moc90\OneDrive\Desktop\workspace\Statistics\Functional Analysis\work\pdf-to-md\api\conway\conway-p0073-status.json
Conway,74,59,II. Operators on Hilbert Space,,scan_with_ocr_layer,608,1,0,ai_review_passed,C:\Users\moc90\OneDrive\Desktop\workspace\Statistics\Functional Analysis\md\Conway\chapter-02.md,C:\Users\moc90\OneDrive\Desktop\workspace\Statistics\Functional Analysis\work\pdf-to-md\api\conway\conway-p0074-status.json
Conway,75,60,II. Operators on Hilbert Space,,scan_with_ocr_layer,460,1,0,ai_review_passed,C:\Users\moc90\OneDrive\Desktop\workspace\Statistics\Functional Analysis\md\Conway\chapter-02.md,C:\Users\moc90\OneDrive\Desktop\workspace\Statistics\Functional Analysis\work\pdf-to-md\api\conway\conway-p0075-status.json
Conway,76,61,II. Operators on Hilbert Space,,scan_with_ocr_layer,575,1,0,ai_repair_passed,C:\Users\moc90\OneDrive\Desktop\workspace\Statistics\Functional Analysis\md\Conway\chapter-02.md,C:\Users\moc90\OneDrive\Desktop\workspace\Statistics\Functional Analysis\work\pdf-to-md\api\conway\conway-p0076-status.json
Conway,77,62,II. Operators on Hilbert Space,,scan_with_ocr_layer,362,1,0,ai_review_passed,C:\Users\moc90\OneDrive\Desktop\workspace\Statistics\Functional Analysis\md\Conway\chapter-02.md,C:\Users\moc90\OneDrive\Desktop\workspace\Statistics\Functional Analysis\work\pdf-to-md\api\conway\conway-p0077-status.json
Conway,78,63,III. Banach Spaces,,scan_with_ocr_layer,268,1,0,ai_review_passed,C:\Users\moc90\OneDrive\Desktop\workspace\Statistics\Functional Analysis\md\Conway\chapter-03.md,C:\Users\moc90\OneDrive\Desktop\workspace\Statistics\Functional Analysis\work\pdf-to-md\api\conway\conway-p0078-status.json
Conway,79,64,III. Banach Spaces,,scan_with_ocr_layer,449,1,0,ai_repair_passed,C:\Users\moc90\OneDrive\Desktop\workspace\Statistics\Functional Analysis\md\Conway\chapter-03.md,C:\Users\moc90\OneDrive\Desktop\workspace\Statistics\Functional Analysis\work\pdf-to-md\api\conway\conway-p0079-status.json
Conway,80,65,III. Banach Spaces,,scan_with_ocr_layer,612,1,0,ai_review_passed,C:\Users\moc90\OneDrive\Desktop\workspace\Statistics\Functional Analysis\md\Conway\chapter-03.md,C:\Users\moc90\OneDrive\Desktop\workspace\Statistics\Functional Analysis\work\pdf-to-md\api\conway\conway-p0080-status.json
Conway,81,66,III. Banach Spaces,,scan_with_ocr_layer,410,1,0,ai_review_passed,C:\Users\moc90\OneDrive\Desktop\workspace\Statistics\Functional Analysis\md\Conway\chapter-03.md,C:\Users\moc90\OneDrive\Desktop\workspace\Statistics\Functional Analysis\work\pdf-to-md\api\conway\conway-p0081-status.json
Conway,82,67,III. Banach Spaces,,scan_with_ocr_layer,479,1,0,ai_review_passed,C:\Users\moc90\OneDrive\Desktop\workspace\Statistics\Functional Analysis\md\Conway\chapter-03.md,C:\Users\moc90\OneDrive\Desktop\workspace\Statistics\Functional Analysis\work\pdf-to-md\api\conway\conway-p0082-status.json
Conway,83,68,III. Banach Spaces,,scan_with_ocr_layer,360,1,0,ai_review_passed,C:\Users\moc90\OneDrive\Desktop\workspace\Statistics\Functional Analysis\md\Conway\chapter-03.md,C:\Users\moc90\OneDrive\Desktop\workspace\Statistics\Functional Analysis\work\pdf-to-md\api\conway\conway-p0083-status.json
Conway,84,69,III. Banach Spaces,,scan_with_ocr_layer,482,1,0,ai_review_passed,C:\Users\moc90\OneDrive\Desktop\workspace\Statistics\Functional Analysis\md\Conway\chapter-03.md,C:\Users\moc90\OneDrive\Desktop\workspace\Statistics\Functional Analysis\work\pdf-to-md\api\conway\conway-p0084-status.json
Conway,85,70,III. Banach Spaces,,scan_with_ocr_layer,498,1,0,ai_review_passed,C:\Users\moc90\OneDrive\Desktop\workspace\Statistics\Functional Analysis\md\Conway\chapter-03.md,C:\Users\moc90\OneDrive\Desktop\workspace\Statistics\Functional Analysis\work\pdf-to-md\api\conway\conway-p0085-status.json
Conway,86,71,III. Banach Spaces,,scan_with_ocr_layer,553,1,0,ai_review_passed,C:\Users\moc90\OneDrive\Desktop\workspace\Statistics\Functional Analysis\md\Conway\chapter-03.md,C:\Users\moc90\OneDrive\Desktop\workspace\Statistics\Functional Analysis\work\pdf-to-md\api\conway\conway-p0086-status.json
Conway,87,72,III. Banach Spaces,,scan_with_ocr_layer,433,1,0,ai_review_passed,C:\Users\moc90\OneDrive\Desktop\workspace\Statistics\Functional Analysis\md\Conway\chapter-03.md,C:\Users\moc90\OneDrive\Desktop\workspace\Statistics\Functional Analysis\work\pdf-to-md\api\conway\conway-p0087-status.json
Conway,88,73,III. Banach Spaces,,scan_with_ocr_layer,547,1,0,ai_review_passed,C:\Users\moc90\OneDrive\Desktop\workspace\Statistics\Functional Analysis\md\Conway\chapter-03.md,C:\Users\moc90\OneDrive\Desktop\workspace\Statistics\Functional Analysis\work\pdf-to-md\api\conway\conway-p0088-status.json
Conway,89,74,III. Banach Spaces,,scan_with_ocr_layer,538,1,0,ai_review_passed,C:\Users\moc90\OneDrive\Desktop\workspace\Statistics\Functional Analysis\md\Conway\chapter-03.md,C:\Users\moc90\OneDrive\Desktop\workspace\Statistics\Functional Analysis\work\pdf-to-md\api\conway\conway-p0089-status.json
Conway,90,75,III. Banach Spaces,,scan_with_ocr_layer,356,1,0,ai_review_passed,C:\Users\moc90\OneDrive\Desktop\workspace\Statistics\Functional Analysis\md\Conway\chapter-03.md,C:\Users\moc90\OneDrive\Desktop\workspace\Statistics\Functional Analysis\work\pdf-to-md\api\conway\conway-p0090-status.json
Conway,91,76,III. Banach Spaces,,scan_with_ocr_layer,419,1,0,ai_repair_passed,C:\Users\moc90\OneDrive\Desktop\workspace\Statistics\Functional Analysis\md\Conway\chapter-03.md,C:\Users\moc90\OneDrive\Desktop\workspace\Statistics\Functional Analysis\work\pdf-to-md\api\conway\conway-p0091-status.json
Conway,92,77,III. Banach Spaces,,scan_with_ocr_layer,489,1,0,ai_review_passed,C:\Users\moc90\OneDrive\Desktop\workspace\Statistics\Functional Analysis\md\Conway\chapter-03.md,C:\Users\moc90\OneDrive\Desktop\workspace\Statistics\Functional Analysis\work\pdf-to-md\api\conway\conway-p0092-status.json
Conway,93,78,III. Banach Spaces,,scan_with_ocr_layer,522,1,0,ai_review_passed,C:\Users\moc90\OneDrive\Desktop\workspace\Statistics\Functional Analysis\md\Conway\chapter-03.md,C:\Users\moc90\OneDrive\Desktop\workspace\Statistics\Functional Analysis\work\pdf-to-md\api\conway\conway-p0093-status.json
Conway,94,79,III. Banach Spaces,,scan_with_ocr_layer,527,1,0,ai_review_passed,C:\Users\moc90\OneDrive\Desktop\workspace\Statistics\Functional Analysis\md\Conway\chapter-03.md,C:\Users\moc90\OneDrive\Desktop\workspace\Statistics\Functional Analysis\work\pdf-to-md\api\conway\conway-p0094-status.json
Conway,95,80,III. Banach Spaces,,scan_with_ocr_layer,507,1,0,ai_repair_passed,C:\Users\moc90\OneDrive\Desktop\workspace\Statistics\Functional Analysis\md\Conway\chapter-03.md,C:\Users\moc90\OneDrive\Desktop\workspace\Statistics\Functional Analysis\work\pdf-to-md\api\conway\conway-p0095-status.json
Conway,96,81,III. Banach Spaces,,scan_with_ocr_layer,459,1,0,ai_review_passed,C:\Users\moc90\OneDrive\Desktop\workspace\Statistics\Functional Analysis\md\Conway\chapter-03.md,C:\Users\moc90\OneDrive\Desktop\workspace\Statistics\Functional Analysis\work\pdf-to-md\api\conway\conway-p0096-status.json
Conway,97,82,III. Banach Spaces,,scan_with_ocr_layer,540,1,0,ai_review_passed,C:\Users\moc90\OneDrive\Desktop\workspace\Statistics\Functional Analysis\md\Conway\chapter-03.md,C:\Users\moc90\OneDrive\Desktop\workspace\Statistics\Functional Analysis\work\pdf-to-md\api\conway\conway-p0097-status.json
Conway,98,83,III. Banach Spaces,,scan_with_ocr_layer,559,1,0,ai_review_passed,C:\Users\moc90\OneDrive\Desktop\workspace\Statistics\Functional Analysis\md\Conway\chapter-03.md,C:\Users\moc90\OneDrive\Desktop\workspace\Statistics\Functional Analysis\work\pdf-to-md\api\conway\conway-p0098-status.json
Conway,99,84,III. Banach Spaces,,scan_with_ocr_layer,266,1,0,ai_review_passed,C:\Users\moc90\OneDrive\Desktop\workspace\Statistics\Functional Analysis\md\Conway\chapter-03.md,C:\Users\moc90\OneDrive\Desktop\workspace\Statistics\Functional Analysis\work\pdf-to-md\api\conway\conway-p0099-status.json
Conway,100,85,III. Banach Spaces,,scan_with_ocr_layer,355,1,0,ai_review_passed,C:\Users\moc90\OneDrive\Desktop\workspace\Statistics\Functional Analysis\md\Conway\chapter-03.md,C:\Users\moc90\OneDrive\Desktop\workspace\Statistics\Functional Analysis\work\pdf-to-md\api\conway\conway-p0100-status.json
Conway,101,86,III. Banach Spaces,,scan_with_ocr_layer,419,1,0,ai_review_passed,C:\Users\moc90\OneDrive\Desktop\workspace\Statistics\Functional Analysis\md\Conway\chapter-03.md,C:\Users\moc90\OneDrive\Desktop\workspace\Statistics\Functional Analysis\work\pdf-to-md\api\conway\conway-p0101-status.json
Conway,102,87,III. Banach Spaces,,scan_with_ocr_layer,541,1,0,ai_review_passed,C:\Users\moc90\OneDrive\Desktop\workspace\Statistics\Functional Analysis\md\Conway\chapter-03.md,C:\Users\moc90\OneDrive\Desktop\workspace\Statistics\Functional Analysis\work\pdf-to-md\api\conway\conway-p0102-status.json
Conway,103,88,III. Banach Spaces,,scan_with_ocr_layer,453,1,0,ai_review_passed,C:\Users\moc90\OneDrive\Desktop\workspace\Statistics\Functional Analysis\md\Conway\chapter-03.md,C:\Users\moc90\OneDrive\Desktop\workspace\Statistics\Functional Analysis\work\pdf-to-md\api\conway\conway-p0103-status.json
Conway,104,89,III. Banach Spaces,,scan_with_ocr_layer,493,1,0,ai_review_passed,C:\Users\moc90\OneDrive\Desktop\workspace\Statistics\Functional Analysis\md\Conway\chapter-03.md,C:\Users\moc90\OneDrive\Desktop\workspace\Statistics\Functional Analysis\work\pdf-to-md\api\conway\conway-p0104-status.json
Conway,105,90,III. Banach Spaces,,scan_with_ocr_layer,402,1,0,ai_review_passed,C:\Users\moc90\OneDrive\Desktop\workspace\Statistics\Functional Analysis\md\Conway\chapter-03.md,C:\Users\moc90\OneDrive\Desktop\workspace\Statistics\Functional Analysis\work\pdf-to-md\api\conway\conway-p0105-status.json
Conway,106,91,III. Banach Spaces,,scan_with_ocr_layer,409,1,0,ai_review_passed,C:\Users\moc90\OneDrive\Desktop\workspace\Statistics\Functional Analysis\md\Conway\chapter-03.md,C:\Users\moc90\OneDrive\Desktop\workspace\Statistics\Functional Analysis\work\pdf-to-md\api\conway\conway-p0106-status.json
Conway,107,92,III. Banach Spaces,,scan_with_ocr_layer,561,1,0,ai_repair_passed,C:\Users\moc90\OneDrive\Desktop\workspace\Statistics\Functional Analysis\md\Conway\chapter-03.md,C:\Users\moc90\OneDrive\Desktop\workspace\Statistics\Functional Analysis\work\pdf-to-md\api\conway\conway-p0107-status.json
Conway,108,93,III. Banach Spaces,,scan_with_ocr_layer,533,1,0,ai_review_passed,C:\Users\moc90\OneDrive\Desktop\workspace\Statistics\Functional Analysis\md\Conway\chapter-03.md,C:\Users\moc90\OneDrive\Desktop\workspace\Statistics\Functional Analysis\work\pdf-to-md\api\conway\conway-p0108-status.json
Conway,109,94,III. Banach Spaces,,scan_with_ocr_layer,523,1,0,reviewer_issue_resolved,C:\Users\moc90\OneDrive\Desktop\workspace\Statistics\Functional Analysis\md\Conway\chapter-03.md,C:\Users\moc90\OneDrive\Desktop\workspace\Statistics\Functional Analysis\work\pdf-to-md\api\conway\conway-p0109-status.json
Conway,110,95,III. Banach Spaces,,scan_with_ocr_layer,479,1,0,ai_review_passed,C:\Users\moc90\OneDrive\Desktop\workspace\Statistics\Functional Analysis\md\Conway\chapter-03.md,C:\Users\moc90\OneDrive\Desktop\workspace\Statistics\Functional Analysis\work\pdf-to-md\api\conway\conway-p0110-status.json
Conway,111,96,III. Banach Spaces,,scan_with_ocr_layer,273,1,0,ai_review_passed,C:\Users\moc90\OneDrive\Desktop\workspace\Statistics\Functional Analysis\md\Conway\chapter-03.md,C:\Users\moc90\OneDrive\Desktop\workspace\Statistics\Functional Analysis\work\pdf-to-md\api\conway\conway-p0111-status.json
Conway,112,97,III. Banach Spaces,,scan_with_ocr_layer,652,1,0,ai_review_passed,C:\Users\moc90\OneDrive\Desktop\workspace\Statistics\Functional Analysis\md\Conway\chapter-03.md,C:\Users\moc90\OneDrive\Desktop\workspace\Statistics\Functional Analysis\work\pdf-to-md\api\conway\conway-p0112-status.json
Conway,113,98,III. Banach Spaces,,scan_with_ocr_layer,198,1,0,ai_review_passed,C:\Users\moc90\OneDrive\Desktop\workspace\Statistics\Functional Analysis\md\Conway\chapter-03.md,C:\Users\moc90\OneDrive\Desktop\workspace\Statistics\Functional Analysis\work\pdf-to-md\api\conway\conway-p0113-status.json
Conway,114,99,IV. Locally Convex Spaces,,scan_with_ocr_layer,279,1,0,ai_review_passed,C:\Users\moc90\OneDrive\Desktop\workspace\Statistics\Functional Analysis\md\Conway\chapter-04.md,C:\Users\moc90\OneDrive\Desktop\workspace\Statistics\Functional Analysis\work\pdf-to-md\api\conway\conway-p0114-status.json
Conway,115,100,IV. Locally Convex Spaces,,scan_with_ocr_layer,467,1,0,ai_review_passed,C:\Users\moc90\OneDrive\Desktop\workspace\Statistics\Functional Analysis\md\Conway\chapter-04.md,C:\Users\moc90\OneDrive\Desktop\workspace\Statistics\Functional Analysis\work\pdf-to-md\api\conway\conway-p0115-status.json
Conway,116,101,IV. Locally Convex Spaces,,scan_with_ocr_layer,515,1,0,ai_repair_passed,C:\Users\moc90\OneDrive\Desktop\workspace\Statistics\Functional Analysis\md\Conway\chapter-04.md,C:\Users\moc90\OneDrive\Desktop\workspace\Statistics\Functional Analysis\work\pdf-to-md\api\conway\conway-p0116-status.json
Conway,117,102,IV. Locally Convex Spaces,,scan_with_ocr_layer,503,1,0,ai_repair_passed,C:\Users\moc90\OneDrive\Desktop\workspace\Statistics\Functional Analysis\md\Conway\chapter-04.md,C:\Users\moc90\OneDrive\Desktop\workspace\Statistics\Functional Analysis\work\pdf-to-md\api\conway\conway-p0117-status.json
Conway,118,103,IV. Locally Convex Spaces,,scan_with_ocr_layer,403,1,0,ai_review_passed,C:\Users\moc90\OneDrive\Desktop\workspace\Statistics\Functional Analysis\md\Conway\chapter-04.md,C:\Users\moc90\OneDrive\Desktop\workspace\Statistics\Functional Analysis\work\pdf-to-md\api\conway\conway-p0118-status.json
Conway,119,104,IV. Locally Convex Spaces,,scan_with_ocr_layer,482,1,0,ai_review_passed,C:\Users\moc90\OneDrive\Desktop\workspace\Statistics\Functional Analysis\md\Conway\chapter-04.md,C:\Users\moc90\OneDrive\Desktop\workspace\Statistics\Functional Analysis\work\pdf-to-md\api\conway\conway-p0119-status.json
Conway,120,105,IV. Locally Convex Spaces,,scan_with_ocr_layer,501,1,0,ai_review_passed,C:\Users\moc90\OneDrive\Desktop\workspace\Statistics\Functional Analysis\md\Conway\chapter-04.md,C:\Users\moc90\OneDrive\Desktop\workspace\Statistics\Functional Analysis\work\pdf-to-md\api\conway\conway-p0120-status.json
Conway,121,106,IV. Locally Convex Spaces,,scan_with_ocr_layer,545,1,0,ai_review_passed,C:\Users\moc90\OneDrive\Desktop\workspace\Statistics\Functional Analysis\md\Conway\chapter-04.md,C:\Users\moc90\OneDrive\Desktop\workspace\Statistics\Functional Analysis\work\pdf-to-md\api\conway\conway-p0121-status.json
Conway,122,107,IV. Locally Convex Spaces,,scan_with_ocr_layer,597,1,0,ai_review_passed,C:\Users\moc90\OneDrive\Desktop\workspace\Statistics\Functional Analysis\md\Conway\chapter-04.md,C:\Users\moc90\OneDrive\Desktop\workspace\Statistics\Functional Analysis\work\pdf-to-md\api\conway\conway-p0122-status.json
Conway,123,108,IV. Locally Convex Spaces,,scan_with_ocr_layer,371,1,0,ai_review_passed,C:\Users\moc90\OneDrive\Desktop\workspace\Statistics\Functional Analysis\md\Conway\chapter-04.md,C:\Users\moc90\OneDrive\Desktop\workspace\Statistics\Functional Analysis\work\pdf-to-md\api\conway\conway-p0123-status.json
Conway,124,109,IV. Locally Convex Spaces,,scan_with_ocr_layer,612,1,0,ai_review_passed,C:\Users\moc90\OneDrive\Desktop\workspace\Statistics\Functional Analysis\md\Conway\chapter-04.md,C:\Users\moc90\OneDrive\Desktop\workspace\Statistics\Functional Analysis\work\pdf-to-md\api\conway\conway-p0124-status.json
Conway,125,110,IV. Locally Convex Spaces,,scan_with_ocr_layer,542,1,0,ai_review_passed,C:\Users\moc90\OneDrive\Desktop\workspace\Statistics\Functional Analysis\md\Conway\chapter-04.md,C:\Users\moc90\OneDrive\Desktop\workspace\Statistics\Functional Analysis\work\pdf-to-md\api\conway\conway-p0125-status.json
Conway,126,111,IV. Locally Convex Spaces,,scan_with_ocr_layer,487,1,0,ai_review_passed,C:\Users\moc90\OneDrive\Desktop\workspace\Statistics\Functional Analysis\md\Conway\chapter-04.md,C:\Users\moc90\OneDrive\Desktop\workspace\Statistics\Functional Analysis\work\pdf-to-md\api\conway\conway-p0126-status.json
Conway,127,112,IV. Locally Convex Spaces,,scan_with_ocr_layer,446,1,0,ai_review_passed,C:\Users\moc90\OneDrive\Desktop\workspace\Statistics\Functional Analysis\md\Conway\chapter-04.md,C:\Users\moc90\OneDrive\Desktop\workspace\Statistics\Functional Analysis\work\pdf-to-md\api\conway\conway-p0127-status.json
Conway,128,113,IV. Locally Convex Spaces,,scan_with_ocr_layer,504,1,0,ai_review_passed,C:\Users\moc90\OneDrive\Desktop\workspace\Statistics\Functional Analysis\md\Conway\chapter-04.md,C:\Users\moc90\OneDrive\Desktop\workspace\Statistics\Functional Analysis\work\pdf-to-md\api\conway\conway-p0128-status.json
Conway,129,114,IV. Locally Convex Spaces,,scan_with_ocr_layer,549,1,0,ai_repair_passed,C:\Users\moc90\OneDrive\Desktop\workspace\Statistics\Functional Analysis\md\Conway\chapter-04.md,C:\Users\moc90\OneDrive\Desktop\workspace\Statistics\Functional Analysis\work\pdf-to-md\api\conway\conway-p0129-status.json
Conway,130,115,IV. Locally Convex Spaces,,scan_with_ocr_layer,333,1,0,ai_review_passed,C:\Users\moc90\OneDrive\Desktop\workspace\Statistics\Functional Analysis\md\Conway\chapter-04.md,C:\Users\moc90\OneDrive\Desktop\workspace\Statistics\Functional Analysis\work\pdf-to-md\api\conway\conway-p0130-status.json
Conway,131,116,IV. Locally Convex Spaces,,scan_with_ocr_layer,426,1,0,ai_review_passed,C:\Users\moc90\OneDrive\Desktop\workspace\Statistics\Functional Analysis\md\Conway\chapter-04.md,C:\Users\moc90\OneDrive\Desktop\workspace\Statistics\Functional Analysis\work\pdf-to-md\api\conway\conway-p0131-status.json
Conway,132,117,IV. Locally Convex Spaces,,scan_with_ocr_layer,455,1,0,ai_repair_passed,C:\Users\moc90\OneDrive\Desktop\workspace\Statistics\Functional Analysis\md\Conway\chapter-04.md,C:\Users\moc90\OneDrive\Desktop\workspace\Statistics\Functional Analysis\work\pdf-to-md\api\conway\conway-p0132-status.json
Conway,133,118,IV. Locally Convex Spaces,,scan_with_ocr_layer,500,1,0,ai_review_passed,C:\Users\moc90\OneDrive\Desktop\workspace\Statistics\Functional Analysis\md\Conway\chapter-04.md,C:\Users\moc90\OneDrive\Desktop\workspace\Statistics\Functional Analysis\work\pdf-to-md\api\conway\conway-p0133-status.json
Conway,134,119,IV. Locally Convex Spaces,,scan_with_ocr_layer,548,1,0,ai_review_passed,C:\Users\moc90\OneDrive\Desktop\workspace\Statistics\Functional Analysis\md\Conway\chapter-04.md,C:\Users\moc90\OneDrive\Desktop\workspace\Statistics\Functional Analysis\work\pdf-to-md\api\conway\conway-p0134-status.json
Conway,135,120,IV. Locally Convex Spaces,,scan_with_ocr_layer,509,1,0,ai_review_passed,C:\Users\moc90\OneDrive\Desktop\workspace\Statistics\Functional Analysis\md\Conway\chapter-04.md,C:\Users\moc90\OneDrive\Desktop\workspace\Statistics\Functional Analysis\work\pdf-to-md\api\conway\conway-p0135-status.json
Conway,136,121,IV. Locally Convex Spaces,,scan_with_ocr_layer,528,1,0,ai_review_passed,C:\Users\moc90\OneDrive\Desktop\workspace\Statistics\Functional Analysis\md\Conway\chapter-04.md,C:\Users\moc90\OneDrive\Desktop\workspace\Statistics\Functional Analysis\work\pdf-to-md\api\conway\conway-p0136-status.json
Conway,137,122,IV. Locally Convex Spaces,,scan_with_ocr_layer,481,1,0,ai_review_passed,C:\Users\moc90\OneDrive\Desktop\workspace\Statistics\Functional Analysis\md\Conway\chapter-04.md,C:\Users\moc90\OneDrive\Desktop\workspace\Statistics\Functional Analysis\work\pdf-to-md\api\conway\conway-p0137-status.json
Conway,138,123,IV. Locally Convex Spaces,,scan_with_ocr_layer,356,1,0,ai_review_passed,C:\Users\moc90\OneDrive\Desktop\workspace\Statistics\Functional Analysis\md\Conway\chapter-04.md,C:\Users\moc90\OneDrive\Desktop\workspace\Statistics\Functional Analysis\work\pdf-to-md\api\conway\conway-p0138-status.json
Conway,139,124,V. Weak Topologies,,scan_with_ocr_layer,198,1,0,ai_review_passed,C:\Users\moc90\OneDrive\Desktop\workspace\Statistics\Functional Analysis\md\Conway\chapter-05.md,C:\Users\moc90\OneDrive\Desktop\workspace\Statistics\Functional Analysis\work\pdf-to-md\api\conway\conway-p0139-status.json
Conway,140,125,V. Weak Topologies,,scan_with_ocr_layer,501,1,0,ai_review_passed,C:\Users\moc90\OneDrive\Desktop\workspace\Statistics\Functional Analysis\md\Conway\chapter-05.md,C:\Users\moc90\OneDrive\Desktop\workspace\Statistics\Functional Analysis\work\pdf-to-md\api\conway\conway-p0140-status.json
Conway,141,126,V. Weak Topologies,,scan_with_ocr_layer,431,1,0,ai_review_passed,C:\Users\moc90\OneDrive\Desktop\workspace\Statistics\Functional Analysis\md\Conway\chapter-05.md,C:\Users\moc90\OneDrive\Desktop\workspace\Statistics\Functional Analysis\work\pdf-to-md\api\conway\conway-p0141-status.json
Conway,142,127,V. Weak Topologies,,scan_with_ocr_layer,506,1,0,ai_review_passed,C:\Users\moc90\OneDrive\Desktop\workspace\Statistics\Functional Analysis\md\Conway\chapter-05.md,C:\Users\moc90\OneDrive\Desktop\workspace\Statistics\Functional Analysis\work\pdf-to-md\api\conway\conway-p0142-status.json
Conway,143,128,V. Weak Topologies,,scan_with_ocr_layer,453,1,0,ai_review_passed,C:\Users\moc90\OneDrive\Desktop\workspace\Statistics\Functional Analysis\md\Conway\chapter-05.md,C:\Users\moc90\OneDrive\Desktop\workspace\Statistics\Functional Analysis\work\pdf-to-md\api\conway\conway-p0143-status.json
Conway,144,129,V. Weak Topologies,,scan_with_ocr_layer,510,1,0,ai_review_passed,C:\Users\moc90\OneDrive\Desktop\workspace\Statistics\Functional Analysis\md\Conway\chapter-05.md,C:\Users\moc90\OneDrive\Desktop\workspace\Statistics\Functional Analysis\work\pdf-to-md\api\conway\conway-p0144-status.json
Conway,145,130,V. Weak Topologies,,scan_with_ocr_layer,401,1,0,ai_review_passed,C:\Users\moc90\OneDrive\Desktop\workspace\Statistics\Functional Analysis\md\Conway\chapter-05.md,C:\Users\moc90\OneDrive\Desktop\workspace\Statistics\Functional Analysis\work\pdf-to-md\api\conway\conway-p0145-status.json
Conway,146,131,V. Weak Topologies,,scan_with_ocr_layer,485,1,0,ai_review_passed,C:\Users\moc90\OneDrive\Desktop\workspace\Statistics\Functional Analysis\md\Conway\chapter-05.md,C:\Users\moc90\OneDrive\Desktop\workspace\Statistics\Functional Analysis\work\pdf-to-md\api\conway\conway-p0146-status.json
Conway,147,132,V. Weak Topologies,,scan_with_ocr_layer,406,1,0,ai_review_passed,C:\Users\moc90\OneDrive\Desktop\workspace\Statistics\Functional Analysis\md\Conway\chapter-05.md,C:\Users\moc90\OneDrive\Desktop\workspace\Statistics\Functional Analysis\work\pdf-to-md\api\conway\conway-p0147-status.json
Conway,148,133,V. Weak Topologies,,scan_with_ocr_layer,581,1,0,ai_review_passed,C:\Users\moc90\OneDrive\Desktop\workspace\Statistics\Functional Analysis\md\Conway\chapter-05.md,C:\Users\moc90\OneDrive\Desktop\workspace\Statistics\Functional Analysis\work\pdf-to-md\api\conway\conway-p0148-status.json
Conway,149,134,V. Weak Topologies,,scan_with_ocr_layer,431,1,0,ai_review_passed,C:\Users\moc90\OneDrive\Desktop\workspace\Statistics\Functional Analysis\md\Conway\chapter-05.md,C:\Users\moc90\OneDrive\Desktop\workspace\Statistics\Functional Analysis\work\pdf-to-md\api\conway\conway-p0149-status.json
Conway,150,135,V. Weak Topologies,,scan_with_ocr_layer,512,1,0,ai_review_passed,C:\Users\moc90\OneDrive\Desktop\workspace\Statistics\Functional Analysis\md\Conway\chapter-05.md,C:\Users\moc90\OneDrive\Desktop\workspace\Statistics\Functional Analysis\work\pdf-to-md\api\conway\conway-p0150-status.json
Conway,151,136,V. Weak Topologies,,scan_with_ocr_layer,417,1,0,ai_review_passed,C:\Users\moc90\OneDrive\Desktop\workspace\Statistics\Functional Analysis\md\Conway\chapter-05.md,C:\Users\moc90\OneDrive\Desktop\workspace\Statistics\Functional Analysis\work\pdf-to-md\api\conway\conway-p0151-status.json
Conway,152,137,V. Weak Topologies,,scan_with_ocr_layer,491,1,0,ai_review_passed,C:\Users\moc90\OneDrive\Desktop\workspace\Statistics\Functional Analysis\md\Conway\chapter-05.md,C:\Users\moc90\OneDrive\Desktop\workspace\Statistics\Functional Analysis\work\pdf-to-md\api\conway\conway-p0152-status.json
Conway,153,138,V. Weak Topologies,,scan_with_ocr_layer,543,1,0,ai_review_passed,C:\Users\moc90\OneDrive\Desktop\workspace\Statistics\Functional Analysis\md\Conway\chapter-05.md,C:\Users\moc90\OneDrive\Desktop\workspace\Statistics\Functional Analysis\work\pdf-to-md\api\conway\conway-p0153-status.json
Conway,154,139,V. Weak Topologies,,scan_with_ocr_layer,565,1,0,agent_visual_review_passed,C:\Users\moc90\OneDrive\Desktop\workspace\Statistics\Functional Analysis\md\Conway\chapter-05.md,C:\Users\moc90\OneDrive\Desktop\workspace\Statistics\Functional Analysis\work\pdf-to-md\api\conway\conway-p0154-status.json
Conway,155,140,V. Weak Topologies,,scan_with_ocr_layer,581,1,0,ai_review_passed,C:\Users\moc90\OneDrive\Desktop\workspace\Statistics\Functional Analysis\md\Conway\chapter-05.md,C:\Users\moc90\OneDrive\Desktop\workspace\Statistics\Functional Analysis\work\pdf-to-md\api\conway\conway-p0155-status.json
Conway,156,141,V. Weak Topologies,,scan_with_ocr_layer,483,1,0,ai_review_passed,C:\Users\moc90\OneDrive\Desktop\workspace\Statistics\Functional Analysis\md\Conway\chapter-05.md,C:\Users\moc90\OneDrive\Desktop\workspace\Statistics\Functional Analysis\work\pdf-to-md\api\conway\conway-p0156-status.json
Conway,157,142,V. Weak Topologies,,scan_with_ocr_layer,557,1,0,ai_repair_passed,C:\Users\moc90\OneDrive\Desktop\workspace\Statistics\Functional Analysis\md\Conway\chapter-05.md,C:\Users\moc90\OneDrive\Desktop\workspace\Statistics\Functional Analysis\work\pdf-to-md\api\conway\conway-p0157-status.json
Conway,158,143,V. Weak Topologies,,scan_with_ocr_layer,543,1,0,ai_review_passed,C:\Users\moc90\OneDrive\Desktop\workspace\Statistics\Functional Analysis\md\Conway\chapter-05.md,C:\Users\moc90\OneDrive\Desktop\workspace\Statistics\Functional Analysis\work\pdf-to-md\api\conway\conway-p0158-status.json
Conway,159,144,V. Weak Topologies,,scan_with_ocr_layer,460,1,0,ai_review_passed,C:\Users\moc90\OneDrive\Desktop\workspace\Statistics\Functional Analysis\md\Conway\chapter-05.md,C:\Users\moc90\OneDrive\Desktop\workspace\Statistics\Functional Analysis\work\pdf-to-md\api\conway\conway-p0159-status.json
Conway,160,145,V. Weak Topologies,,scan_with_ocr_layer,436,1,0,ai_review_passed,C:\Users\moc90\OneDrive\Desktop\workspace\Statistics\Functional Analysis\md\Conway\chapter-05.md,C:\Users\moc90\OneDrive\Desktop\workspace\Statistics\Functional Analysis\work\pdf-to-md\api\conway\conway-p0160-status.json
Conway,161,146,V. Weak Topologies,,scan_with_ocr_layer,621,1,0,agent_visual_review_passed,C:\Users\moc90\OneDrive\Desktop\workspace\Statistics\Functional Analysis\md\Conway\chapter-05.md,C:\Users\moc90\OneDrive\Desktop\workspace\Statistics\Functional Analysis\work\pdf-to-md\api\conway\conway-p0161-status.json
Conway,162,147,V. Weak Topologies,,scan_with_ocr_layer,509,1,0,ai_review_passed,C:\Users\moc90\OneDrive\Desktop\workspace\Statistics\Functional Analysis\md\Conway\chapter-05.md,C:\Users\moc90\OneDrive\Desktop\workspace\Statistics\Functional Analysis\work\pdf-to-md\api\conway\conway-p0162-status.json
Conway,163,148,V. Weak Topologies,,scan_with_ocr_layer,617,1,0,ai_repair_passed,C:\Users\moc90\OneDrive\Desktop\workspace\Statistics\Functional Analysis\md\Conway\chapter-05.md,C:\Users\moc90\OneDrive\Desktop\workspace\Statistics\Functional Analysis\work\pdf-to-md\api\conway\conway-p0163-status.json
Conway,164,149,V. Weak Topologies,,scan_with_ocr_layer,481,1,0,ai_review_passed,C:\Users\moc90\OneDrive\Desktop\workspace\Statistics\Functional Analysis\md\Conway\chapter-05.md,C:\Users\moc90\OneDrive\Desktop\workspace\Statistics\Functional Analysis\work\pdf-to-md\api\conway\conway-p0164-status.json
Conway,165,150,V. Weak Topologies,,scan_with_ocr_layer,385,1,0,ai_review_passed,C:\Users\moc90\OneDrive\Desktop\workspace\Statistics\Functional Analysis\md\Conway\chapter-05.md,C:\Users\moc90\OneDrive\Desktop\workspace\Statistics\Functional Analysis\work\pdf-to-md\api\conway\conway-p0165-status.json
Conway,166,151,V. Weak Topologies,,scan_with_ocr_layer,364,1,0,ai_review_passed,C:\Users\moc90\OneDrive\Desktop\workspace\Statistics\Functional Analysis\md\Conway\chapter-05.md,C:\Users\moc90\OneDrive\Desktop\workspace\Statistics\Functional Analysis\work\pdf-to-md\api\conway\conway-p0166-status.json
Conway,167,152,V. Weak Topologies,,scan_with_ocr_layer,563,1,0,ai_review_passed,C:\Users\moc90\OneDrive\Desktop\workspace\Statistics\Functional Analysis\md\Conway\chapter-05.md,C:\Users\moc90\OneDrive\Desktop\workspace\Statistics\Functional Analysis\work\pdf-to-md\api\conway\conway-p0167-status.json
Conway,168,153,V. Weak Topologies,,scan_with_ocr_layer,380,1,0,ai_review_passed,C:\Users\moc90\OneDrive\Desktop\workspace\Statistics\Functional Analysis\md\Conway\chapter-05.md,C:\Users\moc90\OneDrive\Desktop\workspace\Statistics\Functional Analysis\work\pdf-to-md\api\conway\conway-p0168-status.json
Conway,169,154,V. Weak Topologies,,scan_with_ocr_layer,426,1,0,ai_review_passed,C:\Users\moc90\OneDrive\Desktop\workspace\Statistics\Functional Analysis\md\Conway\chapter-05.md,C:\Users\moc90\OneDrive\Desktop\workspace\Statistics\Functional Analysis\work\pdf-to-md\api\conway\conway-p0169-status.json
Conway,170,155,V. Weak Topologies,,scan_with_ocr_layer,502,1,0,ai_review_passed,C:\Users\moc90\OneDrive\Desktop\workspace\Statistics\Functional Analysis\md\Conway\chapter-05.md,C:\Users\moc90\OneDrive\Desktop\workspace\Statistics\Functional Analysis\work\pdf-to-md\api\conway\conway-p0170-status.json
Conway,171,156,V. Weak Topologies,,scan_with_ocr_layer,332,1,0,ai_review_passed,C:\Users\moc90\OneDrive\Desktop\workspace\Statistics\Functional Analysis\md\Conway\chapter-05.md,C:\Users\moc90\OneDrive\Desktop\workspace\Statistics\Functional Analysis\work\pdf-to-md\api\conway\conway-p0171-status.json
Conway,172,157,V. Weak Topologies,,scan_with_ocr_layer,389,1,0,ai_repair_passed,C:\Users\moc90\OneDrive\Desktop\workspace\Statistics\Functional Analysis\md\Conway\chapter-05.md,C:\Users\moc90\OneDrive\Desktop\workspace\Statistics\Functional Analysis\work\pdf-to-md\api\conway\conway-p0172-status.json
Conway,173,158,V. Weak Topologies,,scan_with_ocr_layer,450,1,0,ai_review_passed,C:\Users\moc90\OneDrive\Desktop\workspace\Statistics\Functional Analysis\md\Conway\chapter-05.md,C:\Users\moc90\OneDrive\Desktop\workspace\Statistics\Functional Analysis\work\pdf-to-md\api\conway\conway-p0173-status.json
Conway,174,159,V. Weak Topologies,,scan_with_ocr_layer,485,1,0,ai_review_passed,C:\Users\moc90\OneDrive\Desktop\workspace\Statistics\Functional Analysis\md\Conway\chapter-05.md,C:\Users\moc90\OneDrive\Desktop\workspace\Statistics\Functional Analysis\work\pdf-to-md\api\conway\conway-p0174-status.json
Conway,175,160,V. Weak Topologies,,scan_with_ocr_layer,550,1,0,ai_review_passed,C:\Users\moc90\OneDrive\Desktop\workspace\Statistics\Functional Analysis\md\Conway\chapter-05.md,C:\Users\moc90\OneDrive\Desktop\workspace\Statistics\Functional Analysis\work\pdf-to-md\api\conway\conway-p0175-status.json
Conway,176,161,V. Weak Topologies,,scan_with_ocr_layer,506,1,0,ai_review_passed,C:\Users\moc90\OneDrive\Desktop\workspace\Statistics\Functional Analysis\md\Conway\chapter-05.md,C:\Users\moc90\OneDrive\Desktop\workspace\Statistics\Functional Analysis\work\pdf-to-md\api\conway\conway-p0176-status.json
Conway,177,162,V. Weak Topologies,,scan_with_ocr_layer,503,1,0,ai_review_passed,C:\Users\moc90\OneDrive\Desktop\workspace\Statistics\Functional Analysis\md\Conway\chapter-05.md,C:\Users\moc90\OneDrive\Desktop\workspace\Statistics\Functional Analysis\work\pdf-to-md\api\conway\conway-p0177-status.json
Conway,178,163,V. Weak Topologies,,scan_with_ocr_layer,482,1,0,ai_review_passed,C:\Users\moc90\OneDrive\Desktop\workspace\Statistics\Functional Analysis\md\Conway\chapter-05.md,C:\Users\moc90\OneDrive\Desktop\workspace\Statistics\Functional Analysis\work\pdf-to-md\api\conway\conway-p0178-status.json
Conway,179,164,V. Weak Topologies,,scan_with_ocr_layer,435,1,0,ai_repair_passed,C:\Users\moc90\OneDrive\Desktop\workspace\Statistics\Functional Analysis\md\Conway\chapter-05.md,C:\Users\moc90\OneDrive\Desktop\workspace\Statistics\Functional Analysis\work\pdf-to-md\api\conway\conway-p0179-status.json
Conway,180,165,V. Weak Topologies,,scan_with_ocr_layer,128,1,0,ai_review_passed,C:\Users\moc90\OneDrive\Desktop\workspace\Statistics\Functional Analysis\md\Conway\chapter-05.md,C:\Users\moc90\OneDrive\Desktop\workspace\Statistics\Functional Analysis\work\pdf-to-md\api\conway\conway-p0180-status.json
Conway,181,166,VI. Linear Operators on a Banach Space,,scan_with_ocr_layer,257,1,0,ai_review_passed,C:\Users\moc90\OneDrive\Desktop\workspace\Statistics\Functional Analysis\md\Conway\chapter-06.md,C:\Users\moc90\OneDrive\Desktop\workspace\Statistics\Functional Analysis\work\pdf-to-md\api\conway\conway-p0181-status.json
Conway,182,167,VI. Linear Operators on a Banach Space,,scan_with_ocr_layer,521,1,0,ai_review_passed,C:\Users\moc90\OneDrive\Desktop\workspace\Statistics\Functional Analysis\md\Conway\chapter-06.md,C:\Users\moc90\OneDrive\Desktop\workspace\Statistics\Functional Analysis\work\pdf-to-md\api\conway\conway-p0182-status.json
Conway,183,168,VI. Linear Operators on a Banach Space,,scan_with_ocr_layer,345,1,0,agent_visual_review_passed,C:\Users\moc90\OneDrive\Desktop\workspace\Statistics\Functional Analysis\md\Conway\chapter-06.md,C:\Users\moc90\OneDrive\Desktop\workspace\Statistics\Functional Analysis\work\pdf-to-md\api\conway\conway-p0183-status.json
Conway,184,169,VI. Linear Operators on a Banach Space,,scan_with_ocr_layer,381,1,0,agent_visual_review_passed,C:\Users\moc90\OneDrive\Desktop\workspace\Statistics\Functional Analysis\md\Conway\chapter-06.md,C:\Users\moc90\OneDrive\Desktop\workspace\Statistics\Functional Analysis\work\pdf-to-md\api\conway\conway-p0184-status.json
Conway,185,170,VI. Linear Operators on a Banach Space,,scan_with_ocr_layer,470,1,0,ai_repair_passed,C:\Users\moc90\OneDrive\Desktop\workspace\Statistics\Functional Analysis\md\Conway\chapter-06.md,C:\Users\moc90\OneDrive\Desktop\workspace\Statistics\Functional Analysis\work\pdf-to-md\api\conway\conway-p0185-status.json
Conway,186,171,VI. Linear Operators on a Banach Space,,scan_with_ocr_layer,546,1,0,ai_repair_passed,C:\Users\moc90\OneDrive\Desktop\workspace\Statistics\Functional Analysis\md\Conway\chapter-06.md,C:\Users\moc90\OneDrive\Desktop\workspace\Statistics\Functional Analysis\work\pdf-to-md\api\conway\conway-p0186-status.json
Conway,187,172,VI. Linear Operators on a Banach Space,,scan_with_ocr_layer,451,1,0,ai_repair_passed,C:\Users\moc90\OneDrive\Desktop\workspace\Statistics\Functional Analysis\md\Conway\chapter-06.md,C:\Users\moc90\OneDrive\Desktop\workspace\Statistics\Functional Analysis\work\pdf-to-md\api\conway\conway-p0187-status.json
Conway,188,173,VI. Linear Operators on a Banach Space,,scan_with_ocr_layer,495,1,0,ai_review_passed,C:\Users\moc90\OneDrive\Desktop\workspace\Statistics\Functional Analysis\md\Conway\chapter-06.md,C:\Users\moc90\OneDrive\Desktop\workspace\Statistics\Functional Analysis\work\pdf-to-md\api\conway\conway-p0188-status.json
Conway,189,174,VI. Linear Operators on a Banach Space,,scan_with_ocr_layer,422,1,0,ai_review_passed,C:\Users\moc90\OneDrive\Desktop\workspace\Statistics\Functional Analysis\md\Conway\chapter-06.md,C:\Users\moc90\OneDrive\Desktop\workspace\Statistics\Functional Analysis\work\pdf-to-md\api\conway\conway-p0189-status.json
Conway,190,175,VI. Linear Operators on a Banach Space,,scan_with_ocr_layer,507,1,0,ai_repair_passed,C:\Users\moc90\OneDrive\Desktop\workspace\Statistics\Functional Analysis\md\Conway\chapter-06.md,C:\Users\moc90\OneDrive\Desktop\workspace\Statistics\Functional Analysis\work\pdf-to-md\api\conway\conway-p0190-status.json
Conway,191,176,VI. Linear Operators on a Banach Space,,scan_with_ocr_layer,314,1,0,ai_review_passed,C:\Users\moc90\OneDrive\Desktop\workspace\Statistics\Functional Analysis\md\Conway\chapter-06.md,C:\Users\moc90\OneDrive\Desktop\workspace\Statistics\Functional Analysis\work\pdf-to-md\api\conway\conway-p0191-status.json
Conway,192,177,VI. Linear Operators on a Banach Space,,scan_with_ocr_layer,610,1,0,ai_review_passed,C:\Users\moc90\OneDrive\Desktop\workspace\Statistics\Functional Analysis\md\Conway\chapter-06.md,C:\Users\moc90\OneDrive\Desktop\workspace\Statistics\Functional Analysis\work\pdf-to-md\api\conway\conway-p0192-status.json
Conway,193,178,VI. Linear Operators on a Banach Space,,scan_with_ocr_layer,507,1,0,ai_review_passed,C:\Users\moc90\OneDrive\Desktop\workspace\Statistics\Functional Analysis\md\Conway\chapter-06.md,C:\Users\moc90\OneDrive\Desktop\workspace\Statistics\Functional Analysis\work\pdf-to-md\api\conway\conway-p0193-status.json
Conway,194,179,VI. Linear Operators on a Banach Space,,scan_with_ocr_layer,539,1,0,ai_review_passed,C:\Users\moc90\OneDrive\Desktop\workspace\Statistics\Functional Analysis\md\Conway\chapter-06.md,C:\Users\moc90\OneDrive\Desktop\workspace\Statistics\Functional Analysis\work\pdf-to-md\api\conway\conway-p0194-status.json
Conway,195,180,VI. Linear Operators on a Banach Space,,scan_with_ocr_layer,442,1,0,ai_repair_passed,C:\Users\moc90\OneDrive\Desktop\workspace\Statistics\Functional Analysis\md\Conway\chapter-06.md,C:\Users\moc90\OneDrive\Desktop\workspace\Statistics\Functional Analysis\work\pdf-to-md\api\conway\conway-p0195-status.json
Conway,196,181,VI. Linear Operators on a Banach Space,,scan_with_ocr_layer,376,1,0,ai_review_passed,C:\Users\moc90\OneDrive\Desktop\workspace\Statistics\Functional Analysis\md\Conway\chapter-06.md,C:\Users\moc90\OneDrive\Desktop\workspace\Statistics\Functional Analysis\work\pdf-to-md\api\conway\conway-p0196-status.json
Conway,197,182,VI. Linear Operators on a Banach Space,,scan_with_ocr_layer,503,1,0,ai_review_passed,C:\Users\moc90\OneDrive\Desktop\workspace\Statistics\Functional Analysis\md\Conway\chapter-06.md,C:\Users\moc90\OneDrive\Desktop\workspace\Statistics\Functional Analysis\work\pdf-to-md\api\conway\conway-p0197-status.json
Conway,198,183,VI. Linear Operators on a Banach Space,,scan_with_ocr_layer,458,1,0,ai_repair_passed,C:\Users\moc90\OneDrive\Desktop\workspace\Statistics\Functional Analysis\md\Conway\chapter-06.md,C:\Users\moc90\OneDrive\Desktop\workspace\Statistics\Functional Analysis\work\pdf-to-md\api\conway\conway-p0198-status.json
Conway,199,184,VI. Linear Operators on a Banach Space,,scan_with_ocr_layer,496,1,0,ai_review_passed,C:\Users\moc90\OneDrive\Desktop\workspace\Statistics\Functional Analysis\md\Conway\chapter-06.md,C:\Users\moc90\OneDrive\Desktop\workspace\Statistics\Functional Analysis\work\pdf-to-md\api\conway\conway-p0199-status.json
Conway,200,185,VI. Linear Operators on a Banach Space,,scan_with_ocr_layer,424,1,0,ai_review_passed,C:\Users\moc90\OneDrive\Desktop\workspace\Statistics\Functional Analysis\md\Conway\chapter-06.md,C:\Users\moc90\OneDrive\Desktop\workspace\Statistics\Functional Analysis\work\pdf-to-md\api\conway\conway-p0200-status.json
Conway,201,186,VI. Linear Operators on a Banach Space,,scan_with_ocr_layer,233,1,0,ai_review_passed,C:\Users\moc90\OneDrive\Desktop\workspace\Statistics\Functional Analysis\md\Conway\chapter-06.md,C:\Users\moc90\OneDrive\Desktop\workspace\Statistics\Functional Analysis\work\pdf-to-md\api\conway\conway-p0201-status.json
Conway,202,187,VII. Banach Algebras and Spectral Theory for Operators on a Banach Space,,scan_with_ocr_layer,259,1,0,ai_review_passed,C:\Users\moc90\OneDrive\Desktop\workspace\Statistics\Functional Analysis\md\Conway\chapter-07.md,C:\Users\moc90\OneDrive\Desktop\workspace\Statistics\Functional Analysis\work\pdf-to-md\api\conway\conway-p0202-status.json
Conway,203,188,VII. Banach Algebras and Spectral Theory for Operators on a Banach Space,,scan_with_ocr_layer,502,1,0,ai_review_passed,C:\Users\moc90\OneDrive\Desktop\workspace\Statistics\Functional Analysis\md\Conway\chapter-07.md,C:\Users\moc90\OneDrive\Desktop\workspace\Statistics\Functional Analysis\work\pdf-to-md\api\conway\conway-p0203-status.json
Conway,204,189,VII. Banach Algebras and Spectral Theory for Operators on a Banach Space,,scan_with_ocr_layer,297,1,0,ai_review_passed,C:\Users\moc90\OneDrive\Desktop\workspace\Statistics\Functional Analysis\md\Conway\chapter-07.md,C:\Users\moc90\OneDrive\Desktop\workspace\Statistics\Functional Analysis\work\pdf-to-md\api\conway\conway-p0204-status.json
Conway,205,190,VII. Banach Algebras and Spectral Theory for Operators on a Banach Space,,scan_with_ocr_layer,338,1,0,ai_review_passed,C:\Users\moc90\OneDrive\Desktop\workspace\Statistics\Functional Analysis\md\Conway\chapter-07.md,C:\Users\moc90\OneDrive\Desktop\workspace\Statistics\Functional Analysis\work\pdf-to-md\api\conway\conway-p0205-status.json
Conway,206,191,VII. Banach Algebras and Spectral Theory for Operators on a Banach Space,,scan_with_ocr_layer,520,1,0,ai_review_passed,C:\Users\moc90\OneDrive\Desktop\workspace\Statistics\Functional Analysis\md\Conway\chapter-07.md,C:\Users\moc90\OneDrive\Desktop\workspace\Statistics\Functional Analysis\work\pdf-to-md\api\conway\conway-p0206-status.json
Conway,207,192,VII. Banach Algebras and Spectral Theory for Operators on a Banach Space,,scan_with_ocr_layer,493,1,0,ai_review_passed,C:\Users\moc90\OneDrive\Desktop\workspace\Statistics\Functional Analysis\md\Conway\chapter-07.md,C:\Users\moc90\OneDrive\Desktop\workspace\Statistics\Functional Analysis\work\pdf-to-md\api\conway\conway-p0207-status.json
Conway,208,193,VII. Banach Algebras and Spectral Theory for Operators on a Banach Space,,scan_with_ocr_layer,469,1,0,ai_repair_passed,C:\Users\moc90\OneDrive\Desktop\workspace\Statistics\Functional Analysis\md\Conway\chapter-07.md,C:\Users\moc90\OneDrive\Desktop\workspace\Statistics\Functional Analysis\work\pdf-to-md\api\conway\conway-p0208-status.json
Conway,209,194,VII. Banach Algebras and Spectral Theory for Operators on a Banach Space,,scan_with_ocr_layer,651,1,0,ai_review_passed,C:\Users\moc90\OneDrive\Desktop\workspace\Statistics\Functional Analysis\md\Conway\chapter-07.md,C:\Users\moc90\OneDrive\Desktop\workspace\Statistics\Functional Analysis\work\pdf-to-md\api\conway\conway-p0209-status.json
Conway,210,195,VII. Banach Algebras and Spectral Theory for Operators on a Banach Space,,scan_with_ocr_layer,503,1,0,ai_review_passed,C:\Users\moc90\OneDrive\Desktop\workspace\Statistics\Functional Analysis\md\Conway\chapter-07.md,C:\Users\moc90\OneDrive\Desktop\workspace\Statistics\Functional Analysis\work\pdf-to-md\api\conway\conway-p0210-status.json
Conway,211,196,VII. Banach Algebras and Spectral Theory for Operators on a Banach Space,,scan_with_ocr_layer,577,1,0,ai_review_passed,C:\Users\moc90\OneDrive\Desktop\workspace\Statistics\Functional Analysis\md\Conway\chapter-07.md,C:\Users\moc90\OneDrive\Desktop\workspace\Statistics\Functional Analysis\work\pdf-to-md\api\conway\conway-p0211-status.json
Conway,212,197,VII. Banach Algebras and Spectral Theory for Operators on a Banach Space,,scan_with_ocr_layer,355,1,0,ai_review_passed,C:\Users\moc90\OneDrive\Desktop\workspace\Statistics\Functional Analysis\md\Conway\chapter-07.md,C:\Users\moc90\OneDrive\Desktop\workspace\Statistics\Functional Analysis\work\pdf-to-md\api\conway\conway-p0212-status.json
Conway,213,198,VII. Banach Algebras and Spectral Theory for Operators on a Banach Space,,scan_with_ocr_layer,514,1,0,ai_review_passed,C:\Users\moc90\OneDrive\Desktop\workspace\Statistics\Functional Analysis\md\Conway\chapter-07.md,C:\Users\moc90\OneDrive\Desktop\workspace\Statistics\Functional Analysis\work\pdf-to-md\api\conway\conway-p0213-status.json
Conway,214,199,VII. Banach Algebras and Spectral Theory for Operators on a Banach Space,,scan_with_ocr_layer,448,1,0,ai_review_passed,C:\Users\moc90\OneDrive\Desktop\workspace\Statistics\Functional Analysis\md\Conway\chapter-07.md,C:\Users\moc90\OneDrive\Desktop\workspace\Statistics\Functional Analysis\work\pdf-to-md\api\conway\conway-p0214-status.json
Conway,215,200,VII. Banach Algebras and Spectral Theory for Operators on a Banach Space,,scan_with_ocr_layer,416,1,0,agent_visual_review_passed,C:\Users\moc90\OneDrive\Desktop\workspace\Statistics\Functional Analysis\md\Conway\chapter-07.md,C:\Users\moc90\OneDrive\Desktop\workspace\Statistics\Functional Analysis\work\pdf-to-md\api\conway\conway-p0215-status.json
Conway,216,201,VII. Banach Algebras and Spectral Theory for Operators on a Banach Space,,scan_with_ocr_layer,479,1,0,ai_review_passed,C:\Users\moc90\OneDrive\Desktop\workspace\Statistics\Functional Analysis\md\Conway\chapter-07.md,C:\Users\moc90\OneDrive\Desktop\workspace\Statistics\Functional Analysis\work\pdf-to-md\api\conway\conway-p0216-status.json
Conway,217,202,VII. Banach Algebras and Spectral Theory for Operators on a Banach Space,,scan_with_ocr_layer,299,1,0,ai_review_passed,C:\Users\moc90\OneDrive\Desktop\workspace\Statistics\Functional Analysis\md\Conway\chapter-07.md,C:\Users\moc90\OneDrive\Desktop\workspace\Statistics\Functional Analysis\work\pdf-to-md\api\conway\conway-p0217-status.json
Conway,218,203,VII. Banach Algebras and Spectral Theory for Operators on a Banach Space,,scan_with_ocr_layer,445,1,0,ai_review_passed,C:\Users\moc90\OneDrive\Desktop\workspace\Statistics\Functional Analysis\md\Conway\chapter-07.md,C:\Users\moc90\OneDrive\Desktop\workspace\Statistics\Functional Analysis\work\pdf-to-md\api\conway\conway-p0218-status.json
Conway,219,204,VII. Banach Algebras and Spectral Theory for Operators on a Banach Space,,scan_with_ocr_layer,458,1,0,ai_repair_passed,C:\Users\moc90\OneDrive\Desktop\workspace\Statistics\Functional Analysis\md\Conway\chapter-07.md,C:\Users\moc90\OneDrive\Desktop\workspace\Statistics\Functional Analysis\work\pdf-to-md\api\conway\conway-p0219-status.json
Conway,220,205,VII. Banach Algebras and Spectral Theory for Operators on a Banach Space,,scan_with_ocr_layer,505,1,0,ai_review_passed,C:\Users\moc90\OneDrive\Desktop\workspace\Statistics\Functional Analysis\md\Conway\chapter-07.md,C:\Users\moc90\OneDrive\Desktop\workspace\Statistics\Functional Analysis\work\pdf-to-md\api\conway\conway-p0220-status.json
Conway,221,206,VII. Banach Algebras and Spectral Theory for Operators on a Banach Space,,scan_with_ocr_layer,515,1,0,ai_repair_passed,C:\Users\moc90\OneDrive\Desktop\workspace\Statistics\Functional Analysis\md\Conway\chapter-07.md,C:\Users\moc90\OneDrive\Desktop\workspace\Statistics\Functional Analysis\work\pdf-to-md\api\conway\conway-p0221-status.json
Conway,222,207,VII. Banach Algebras and Spectral Theory for Operators on a Banach Space,,scan_with_ocr_layer,543,1,0,ai_review_passed,C:\Users\moc90\OneDrive\Desktop\workspace\Statistics\Functional Analysis\md\Conway\chapter-07.md,C:\Users\moc90\OneDrive\Desktop\workspace\Statistics\Functional Analysis\work\pdf-to-md\api\conway\conway-p0222-status.json
Conway,223,208,VII. Banach Algebras and Spectral Theory for Operators on a Banach Space,,scan_with_ocr_layer,375,1,0,ai_repair_passed,C:\Users\moc90\OneDrive\Desktop\workspace\Statistics\Functional Analysis\md\Conway\chapter-07.md,C:\Users\moc90\OneDrive\Desktop\workspace\Statistics\Functional Analysis\work\pdf-to-md\api\conway\conway-p0223-status.json
Conway,224,209,VII. Banach Algebras and Spectral Theory for Operators on a Banach Space,,scan_with_ocr_layer,575,1,0,agent_visual_review_passed,C:\Users\moc90\OneDrive\Desktop\workspace\Statistics\Functional Analysis\md\Conway\chapter-07.md,C:\Users\moc90\OneDrive\Desktop\workspace\Statistics\Functional Analysis\work\pdf-to-md\api\conway\conway-p0224-status.json
Conway,225,210,VII. Banach Algebras and Spectral Theory for Operators on a Banach Space,,scan_with_ocr_layer,454,1,0,ai_repair_passed,C:\Users\moc90\OneDrive\Desktop\workspace\Statistics\Functional Analysis\md\Conway\chapter-07.md,C:\Users\moc90\OneDrive\Desktop\workspace\Statistics\Functional Analysis\work\pdf-to-md\api\conway\conway-p0225-status.json
Conway,226,211,VII. Banach Algebras and Spectral Theory for Operators on a Banach Space,,scan_with_ocr_layer,376,1,0,ai_review_passed,C:\Users\moc90\OneDrive\Desktop\workspace\Statistics\Functional Analysis\md\Conway\chapter-07.md,C:\Users\moc90\OneDrive\Desktop\workspace\Statistics\Functional Analysis\work\pdf-to-md\api\conway\conway-p0226-status.json
Conway,227,212,VII. Banach Algebras and Spectral Theory for Operators on a Banach Space,,scan_with_ocr_layer,286,1,0,ai_review_passed,C:\Users\moc90\OneDrive\Desktop\workspace\Statistics\Functional Analysis\md\Conway\chapter-07.md,C:\Users\moc90\OneDrive\Desktop\workspace\Statistics\Functional Analysis\work\pdf-to-md\api\conway\conway-p0227-status.json
Conway,228,213,VII. Banach Algebras and Spectral Theory for Operators on a Banach Space,,scan_with_ocr_layer,453,1,0,ai_review_passed,C:\Users\moc90\OneDrive\Desktop\workspace\Statistics\Functional Analysis\md\Conway\chapter-07.md,C:\Users\moc90\OneDrive\Desktop\workspace\Statistics\Functional Analysis\work\pdf-to-md\api\conway\conway-p0228-status.json
Conway,229,214,VII. Banach Algebras and Spectral Theory for Operators on a Banach Space,,scan_with_ocr_layer,443,1,0,ai_review_passed,C:\Users\moc90\OneDrive\Desktop\workspace\Statistics\Functional Analysis\md\Conway\chapter-07.md,C:\Users\moc90\OneDrive\Desktop\workspace\Statistics\Functional Analysis\work\pdf-to-md\api\conway\conway-p0229-status.json
Conway,230,215,VII. Banach Algebras and Spectral Theory for Operators on a Banach Space,,scan_with_ocr_layer,526,1,0,ai_repair_passed,C:\Users\moc90\OneDrive\Desktop\workspace\Statistics\Functional Analysis\md\Conway\chapter-07.md,C:\Users\moc90\OneDrive\Desktop\workspace\Statistics\Functional Analysis\work\pdf-to-md\api\conway\conway-p0230-status.json
Conway,231,216,VII. Banach Algebras and Spectral Theory for Operators on a Banach Space,,scan_with_ocr_layer,601,1,0,ai_repair_passed,C:\Users\moc90\OneDrive\Desktop\workspace\Statistics\Functional Analysis\md\Conway\chapter-07.md,C:\Users\moc90\OneDrive\Desktop\workspace\Statistics\Functional Analysis\work\pdf-to-md\api\conway\conway-p0231-status.json
Conway,232,217,VII. Banach Algebras and Spectral Theory for Operators on a Banach Space,,scan_with_ocr_layer,438,1,0,agent_visual_review_passed,C:\Users\moc90\OneDrive\Desktop\workspace\Statistics\Functional Analysis\md\Conway\chapter-07.md,C:\Users\moc90\OneDrive\Desktop\workspace\Statistics\Functional Analysis\work\pdf-to-md\api\conway\conway-p0232-status.json
Conway,233,218,VII. Banach Algebras and Spectral Theory for Operators on a Banach Space,,scan_with_ocr_layer,475,1,0,ai_repair_passed,C:\Users\moc90\OneDrive\Desktop\workspace\Statistics\Functional Analysis\md\Conway\chapter-07.md,C:\Users\moc90\OneDrive\Desktop\workspace\Statistics\Functional Analysis\work\pdf-to-md\api\conway\conway-p0233-status.json
Conway,234,219,VII. Banach Algebras and Spectral Theory for Operators on a Banach Space,,scan_with_ocr_layer,491,1,0,ai_review_passed,C:\Users\moc90\OneDrive\Desktop\workspace\Statistics\Functional Analysis\md\Conway\chapter-07.md,C:\Users\moc90\OneDrive\Desktop\workspace\Statistics\Functional Analysis\work\pdf-to-md\api\conway\conway-p0234-status.json
Conway,235,220,VII. Banach Algebras and Spectral Theory for Operators on a Banach Space,,scan_with_ocr_layer,505,1,0,ai_review_passed,C:\Users\moc90\OneDrive\Desktop\workspace\Statistics\Functional Analysis\md\Conway\chapter-07.md,C:\Users\moc90\OneDrive\Desktop\workspace\Statistics\Functional Analysis\work\pdf-to-md\api\conway\conway-p0235-status.json
Conway,236,221,VII. Banach Algebras and Spectral Theory for Operators on a Banach Space,,scan_with_ocr_layer,541,1,0,ai_review_passed,C:\Users\moc90\OneDrive\Desktop\workspace\Statistics\Functional Analysis\md\Conway\chapter-07.md,C:\Users\moc90\OneDrive\Desktop\workspace\Statistics\Functional Analysis\work\pdf-to-md\api\conway\conway-p0236-status.json
Conway,237,222,VII. Banach Algebras and Spectral Theory for Operators on a Banach Space,,scan_with_ocr_layer,618,1,0,ai_review_passed,C:\Users\moc90\OneDrive\Desktop\workspace\Statistics\Functional Analysis\md\Conway\chapter-07.md,C:\Users\moc90\OneDrive\Desktop\workspace\Statistics\Functional Analysis\work\pdf-to-md\api\conway\conway-p0237-status.json
Conway,238,223,VII. Banach Algebras and Spectral Theory for Operators on a Banach Space,,scan_with_ocr_layer,503,1,0,ai_review_passed,C:\Users\moc90\OneDrive\Desktop\workspace\Statistics\Functional Analysis\md\Conway\chapter-07.md,C:\Users\moc90\OneDrive\Desktop\workspace\Statistics\Functional Analysis\work\pdf-to-md\api\conway\conway-p0238-status.json
Conway,239,224,VII. Banach Algebras and Spectral Theory for Operators on a Banach Space,,scan_with_ocr_layer,579,1,0,ai_review_passed,C:\Users\moc90\OneDrive\Desktop\workspace\Statistics\Functional Analysis\md\Conway\chapter-07.md,C:\Users\moc90\OneDrive\Desktop\workspace\Statistics\Functional Analysis\work\pdf-to-md\api\conway\conway-p0239-status.json
Conway,240,225,VII. Banach Algebras and Spectral Theory for Operators on a Banach Space,,scan_with_ocr_layer,354,1,0,ai_review_passed,C:\Users\moc90\OneDrive\Desktop\workspace\Statistics\Functional Analysis\md\Conway\chapter-07.md,C:\Users\moc90\OneDrive\Desktop\workspace\Statistics\Functional Analysis\work\pdf-to-md\api\conway\conway-p0240-status.json
Conway,241,226,VII. Banach Algebras and Spectral Theory for Operators on a Banach Space,,scan_with_ocr_layer,400,1,0,ai_review_passed,C:\Users\moc90\OneDrive\Desktop\workspace\Statistics\Functional Analysis\md\Conway\chapter-07.md,C:\Users\moc90\OneDrive\Desktop\workspace\Statistics\Functional Analysis\work\pdf-to-md\api\conway\conway-p0241-status.json
Conway,242,227,VII. Banach Algebras and Spectral Theory for Operators on a Banach Space,,scan_with_ocr_layer,478,1,0,ai_review_passed,C:\Users\moc90\OneDrive\Desktop\workspace\Statistics\Functional Analysis\md\Conway\chapter-07.md,C:\Users\moc90\OneDrive\Desktop\workspace\Statistics\Functional Analysis\work\pdf-to-md\api\conway\conway-p0242-status.json
Conway,243,228,VII. Banach Algebras and Spectral Theory for Operators on a Banach Space,,scan_with_ocr_layer,390,1,0,ai_review_passed,C:\Users\moc90\OneDrive\Desktop\workspace\Statistics\Functional Analysis\md\Conway\chapter-07.md,C:\Users\moc90\OneDrive\Desktop\workspace\Statistics\Functional Analysis\work\pdf-to-md\api\conway\conway-p0243-status.json
Conway,244,229,VII. Banach Algebras and Spectral Theory for Operators on a Banach Space,,scan_with_ocr_layer,339,1,0,ai_review_passed,C:\Users\moc90\OneDrive\Desktop\workspace\Statistics\Functional Analysis\md\Conway\chapter-07.md,C:\Users\moc90\OneDrive\Desktop\workspace\Statistics\Functional Analysis\work\pdf-to-md\api\conway\conway-p0244-status.json
Conway,245,230,VII. Banach Algebras and Spectral Theory for Operators on a Banach Space,,scan_with_ocr_layer,378,1,0,ai_review_passed,C:\Users\moc90\OneDrive\Desktop\workspace\Statistics\Functional Analysis\md\Conway\chapter-07.md,C:\Users\moc90\OneDrive\Desktop\workspace\Statistics\Functional Analysis\work\pdf-to-md\api\conway\conway-p0245-status.json
Conway,246,231,VII. Banach Algebras and Spectral Theory for Operators on a Banach Space,,scan_with_ocr_layer,444,1,0,ai_review_passed,C:\Users\moc90\OneDrive\Desktop\workspace\Statistics\Functional Analysis\md\Conway\chapter-07.md,C:\Users\moc90\OneDrive\Desktop\workspace\Statistics\Functional Analysis\work\pdf-to-md\api\conway\conway-p0246-status.json
Conway,247,232,VIII. C*-Algebras,,scan_with_ocr_layer,207,1,0,ai_review_passed,C:\Users\moc90\OneDrive\Desktop\workspace\Statistics\Functional Analysis\md\Conway\chapter-08.md,C:\Users\moc90\OneDrive\Desktop\workspace\Statistics\Functional Analysis\work\pdf-to-md\api\conway\conway-p0247-status.json
Conway,248,233,VIII. C*-Algebras,,scan_with_ocr_layer,486,1,0,ai_repair_passed,C:\Users\moc90\OneDrive\Desktop\workspace\Statistics\Functional Analysis\md\Conway\chapter-08.md,C:\Users\moc90\OneDrive\Desktop\workspace\Statistics\Functional Analysis\work\pdf-to-md\api\conway\conway-p0248-status.json
Conway,249,234,VIII. C*-Algebras,,scan_with_ocr_layer,616,1,0,ai_review_passed,C:\Users\moc90\OneDrive\Desktop\workspace\Statistics\Functional Analysis\md\Conway\chapter-08.md,C:\Users\moc90\OneDrive\Desktop\workspace\Statistics\Functional Analysis\work\pdf-to-md\api\conway\conway-p0249-status.json
Conway,250,235,VIII. C*-Algebras,,scan_with_ocr_layer,431,1,0,ai_review_passed,C:\Users\moc90\OneDrive\Desktop\workspace\Statistics\Functional Analysis\md\Conway\chapter-08.md,C:\Users\moc90\OneDrive\Desktop\workspace\Statistics\Functional Analysis\work\pdf-to-md\api\conway\conway-p0250-status.json
Conway,251,236,VIII. C*-Algebras,,scan_with_ocr_layer,470,1,0,ai_review_passed,C:\Users\moc90\OneDrive\Desktop\workspace\Statistics\Functional Analysis\md\Conway\chapter-08.md,C:\Users\moc90\OneDrive\Desktop\workspace\Statistics\Functional Analysis\work\pdf-to-md\api\conway\conway-p0251-status.json
Conway,252,237,VIII. C*-Algebras,,scan_with_ocr_layer,515,1,0,ai_review_passed,C:\Users\moc90\OneDrive\Desktop\workspace\Statistics\Functional Analysis\md\Conway\chapter-08.md,C:\Users\moc90\OneDrive\Desktop\workspace\Statistics\Functional Analysis\work\pdf-to-md\api\conway\conway-p0252-status.json
Conway,253,238,VIII. C*-Algebras,,scan_with_ocr_layer,419,1,0,ai_repair_passed,C:\Users\moc90\OneDrive\Desktop\workspace\Statistics\Functional Analysis\md\Conway\chapter-08.md,C:\Users\moc90\OneDrive\Desktop\workspace\Statistics\Functional Analysis\work\pdf-to-md\api\conway\conway-p0253-status.json
Conway,254,239,VIII. C*-Algebras,,scan_with_ocr_layer,460,1,0,ai_repair_passed,C:\Users\moc90\OneDrive\Desktop\workspace\Statistics\Functional Analysis\md\Conway\chapter-08.md,C:\Users\moc90\OneDrive\Desktop\workspace\Statistics\Functional Analysis\work\pdf-to-md\api\conway\conway-p0254-status.json
Conway,255,240,VIII. C*-Algebras,,scan_with_ocr_layer,448,1,0,ai_review_passed,C:\Users\moc90\OneDrive\Desktop\workspace\Statistics\Functional Analysis\md\Conway\chapter-08.md,C:\Users\moc90\OneDrive\Desktop\workspace\Statistics\Functional Analysis\work\pdf-to-md\api\conway\conway-p0255-status.json
Conway,256,241,VIII. C*-Algebras,,scan_with_ocr_layer,543,1,0,ai_review_passed,C:\Users\moc90\OneDrive\Desktop\workspace\Statistics\Functional Analysis\md\Conway\chapter-08.md,C:\Users\moc90\OneDrive\Desktop\workspace\Statistics\Functional Analysis\work\pdf-to-md\api\conway\conway-p0256-status.json
Conway,257,242,VIII. C*-Algebras,,scan_with_ocr_layer,516,1,0,ai_repair_passed,C:\Users\moc90\OneDrive\Desktop\workspace\Statistics\Functional Analysis\md\Conway\chapter-08.md,C:\Users\moc90\OneDrive\Desktop\workspace\Statistics\Functional Analysis\work\pdf-to-md\api\conway\conway-p0257-status.json
Conway,258,243,VIII. C*-Algebras,,scan_with_ocr_layer,501,1,0,ai_review_passed,C:\Users\moc90\OneDrive\Desktop\workspace\Statistics\Functional Analysis\md\Conway\chapter-08.md,C:\Users\moc90\OneDrive\Desktop\workspace\Statistics\Functional Analysis\work\pdf-to-md\api\conway\conway-p0258-status.json
Conway,259,244,VIII. C*-Algebras,,scan_with_ocr_layer,497,1,0,ai_review_passed,C:\Users\moc90\OneDrive\Desktop\workspace\Statistics\Functional Analysis\md\Conway\chapter-08.md,C:\Users\moc90\OneDrive\Desktop\workspace\Statistics\Functional Analysis\work\pdf-to-md\api\conway\conway-p0259-status.json
Conway,260,245,VIII. C*-Algebras,,scan_with_ocr_layer,439,1,0,ai_review_passed,C:\Users\moc90\OneDrive\Desktop\workspace\Statistics\Functional Analysis\md\Conway\chapter-08.md,C:\Users\moc90\OneDrive\Desktop\workspace\Statistics\Functional Analysis\work\pdf-to-md\api\conway\conway-p0260-status.json
Conway,261,246,VIII. C*-Algebras,,scan_with_ocr_layer,408,1,0,ai_review_passed,C:\Users\moc90\OneDrive\Desktop\workspace\Statistics\Functional Analysis\md\Conway\chapter-08.md,C:\Users\moc90\OneDrive\Desktop\workspace\Statistics\Functional Analysis\work\pdf-to-md\api\conway\conway-p0261-status.json
Conway,262,247,VIII. C*-Algebras,,scan_with_ocr_layer,564,1,0,ai_review_passed,C:\Users\moc90\OneDrive\Desktop\workspace\Statistics\Functional Analysis\md\Conway\chapter-08.md,C:\Users\moc90\OneDrive\Desktop\workspace\Statistics\Functional Analysis\work\pdf-to-md\api\conway\conway-p0262-status.json
Conway,263,248,VIII. C*-Algebras,,scan_with_ocr_layer,479,1,0,ai_repair_passed,C:\Users\moc90\OneDrive\Desktop\workspace\Statistics\Functional Analysis\md\Conway\chapter-08.md,C:\Users\moc90\OneDrive\Desktop\workspace\Statistics\Functional Analysis\work\pdf-to-md\api\conway\conway-p0263-status.json
Conway,264,249,VIII. C*-Algebras,,scan_with_ocr_layer,510,1,0,ai_review_passed,C:\Users\moc90\OneDrive\Desktop\workspace\Statistics\Functional Analysis\md\Conway\chapter-08.md,C:\Users\moc90\OneDrive\Desktop\workspace\Statistics\Functional Analysis\work\pdf-to-md\api\conway\conway-p0264-status.json
Conway,265,250,VIII. C*-Algebras,,scan_with_ocr_layer,449,1,0,ai_repair_passed,C:\Users\moc90\OneDrive\Desktop\workspace\Statistics\Functional Analysis\md\Conway\chapter-08.md,C:\Users\moc90\OneDrive\Desktop\workspace\Statistics\Functional Analysis\work\pdf-to-md\api\conway\conway-p0265-status.json
Conway,266,251,VIII. C*-Algebras,,scan_with_ocr_layer,580,1,0,ai_repair_passed,C:\Users\moc90\OneDrive\Desktop\workspace\Statistics\Functional Analysis\md\Conway\chapter-08.md,C:\Users\moc90\OneDrive\Desktop\workspace\Statistics\Functional Analysis\work\pdf-to-md\api\conway\conway-p0266-status.json
Conway,267,252,VIII. C*-Algebras,,scan_with_ocr_layer,588,1,0,ai_review_passed,C:\Users\moc90\OneDrive\Desktop\workspace\Statistics\Functional Analysis\md\Conway\chapter-08.md,C:\Users\moc90\OneDrive\Desktop\workspace\Statistics\Functional Analysis\work\pdf-to-md\api\conway\conway-p0267-status.json
Conway,268,253,VIII. C*-Algebras,,scan_with_ocr_layer,529,1,0,ai_repair_passed,C:\Users\moc90\OneDrive\Desktop\workspace\Statistics\Functional Analysis\md\Conway\chapter-08.md,C:\Users\moc90\OneDrive\Desktop\workspace\Statistics\Functional Analysis\work\pdf-to-md\api\conway\conway-p0268-status.json
Conway,269,254,VIII. C*-Algebras,,scan_with_ocr_layer,122,1,0,ai_review_passed,C:\Users\moc90\OneDrive\Desktop\workspace\Statistics\Functional Analysis\md\Conway\chapter-08.md,C:\Users\moc90\OneDrive\Desktop\workspace\Statistics\Functional Analysis\work\pdf-to-md\api\conway\conway-p0269-status.json
Conway,270,255,IX. Normal Operators on Hilbert Space,,scan_with_ocr_layer,263,1,0,ai_review_passed,C:\Users\moc90\OneDrive\Desktop\workspace\Statistics\Functional Analysis\md\Conway\chapter-09.md,C:\Users\moc90\OneDrive\Desktop\workspace\Statistics\Functional Analysis\work\pdf-to-md\api\conway\conway-p0270-status.json
Conway,271,256,IX. Normal Operators on Hilbert Space,,scan_with_ocr_layer,488,1,0,ai_review_passed,C:\Users\moc90\OneDrive\Desktop\workspace\Statistics\Functional Analysis\md\Conway\chapter-09.md,C:\Users\moc90\OneDrive\Desktop\workspace\Statistics\Functional Analysis\work\pdf-to-md\api\conway\conway-p0271-status.json
Conway,272,257,IX. Normal Operators on Hilbert Space,,scan_with_ocr_layer,469,1,0,ai_repair_passed,C:\Users\moc90\OneDrive\Desktop\workspace\Statistics\Functional Analysis\md\Conway\chapter-09.md,C:\Users\moc90\OneDrive\Desktop\workspace\Statistics\Functional Analysis\work\pdf-to-md\api\conway\conway-p0272-status.json
Conway,273,258,IX. Normal Operators on Hilbert Space,,scan_with_ocr_layer,354,1,0,ai_repair_passed,C:\Users\moc90\OneDrive\Desktop\workspace\Statistics\Functional Analysis\md\Conway\chapter-09.md,C:\Users\moc90\OneDrive\Desktop\workspace\Statistics\Functional Analysis\work\pdf-to-md\api\conway\conway-p0273-status.json
Conway,274,259,IX. Normal Operators on Hilbert Space,,scan_with_ocr_layer,301,1,0,ai_review_passed,C:\Users\moc90\OneDrive\Desktop\workspace\Statistics\Functional Analysis\md\Conway\chapter-09.md,C:\Users\moc90\OneDrive\Desktop\workspace\Statistics\Functional Analysis\work\pdf-to-md\api\conway\conway-p0274-status.json
Conway,275,260,IX. Normal Operators on Hilbert Space,,scan_with_ocr_layer,473,1,0,ai_repair_passed,C:\Users\moc90\OneDrive\Desktop\workspace\Statistics\Functional Analysis\md\Conway\chapter-09.md,C:\Users\moc90\OneDrive\Desktop\workspace\Statistics\Functional Analysis\work\pdf-to-md\api\conway\conway-p0275-status.json
Conway,276,261,IX. Normal Operators on Hilbert Space,,scan_with_ocr_layer,410,1,0,ai_review_passed,C:\Users\moc90\OneDrive\Desktop\workspace\Statistics\Functional Analysis\md\Conway\chapter-09.md,C:\Users\moc90\OneDrive\Desktop\workspace\Statistics\Functional Analysis\work\pdf-to-md\api\conway\conway-p0276-status.json
Conway,277,262,IX. Normal Operators on Hilbert Space,,scan_with_ocr_layer,535,1,0,ai_review_passed,C:\Users\moc90\OneDrive\Desktop\workspace\Statistics\Functional Analysis\md\Conway\chapter-09.md,C:\Users\moc90\OneDrive\Desktop\workspace\Statistics\Functional Analysis\work\pdf-to-md\api\conway\conway-p0277-status.json
Conway,278,263,IX. Normal Operators on Hilbert Space,,scan_with_ocr_layer,390,1,0,ai_review_passed,C:\Users\moc90\OneDrive\Desktop\workspace\Statistics\Functional Analysis\md\Conway\chapter-09.md,C:\Users\moc90\OneDrive\Desktop\workspace\Statistics\Functional Analysis\work\pdf-to-md\api\conway\conway-p0278-status.json
Conway,279,264,IX. Normal Operators on Hilbert Space,,scan_with_ocr_layer,398,1,0,ai_review_passed,C:\Users\moc90\OneDrive\Desktop\workspace\Statistics\Functional Analysis\md\Conway\chapter-09.md,C:\Users\moc90\OneDrive\Desktop\workspace\Statistics\Functional Analysis\work\pdf-to-md\api\conway\conway-p0279-status.json
Conway,280,265,IX. Normal Operators on Hilbert Space,,scan_with_ocr_layer,431,1,0,ai_review_passed,C:\Users\moc90\OneDrive\Desktop\workspace\Statistics\Functional Analysis\md\Conway\chapter-09.md,C:\Users\moc90\OneDrive\Desktop\workspace\Statistics\Functional Analysis\work\pdf-to-md\api\conway\conway-p0280-status.json
Conway,281,266,IX. Normal Operators on Hilbert Space,,scan_with_ocr_layer,501,1,0,ai_review_passed,C:\Users\moc90\OneDrive\Desktop\workspace\Statistics\Functional Analysis\md\Conway\chapter-09.md,C:\Users\moc90\OneDrive\Desktop\workspace\Statistics\Functional Analysis\work\pdf-to-md\api\conway\conway-p0281-status.json
Conway,282,267,IX. Normal Operators on Hilbert Space,,scan_with_ocr_layer,664,1,0,agent_visual_review_passed,C:\Users\moc90\OneDrive\Desktop\workspace\Statistics\Functional Analysis\md\Conway\chapter-09.md,C:\Users\moc90\OneDrive\Desktop\workspace\Statistics\Functional Analysis\work\pdf-to-md\api\conway\conway-p0282-status.json
Conway,283,268,IX. Normal Operators on Hilbert Space,,scan_with_ocr_layer,567,1,0,ai_review_passed,C:\Users\moc90\OneDrive\Desktop\workspace\Statistics\Functional Analysis\md\Conway\chapter-09.md,C:\Users\moc90\OneDrive\Desktop\workspace\Statistics\Functional Analysis\work\pdf-to-md\api\conway\conway-p0283-status.json
Conway,284,269,IX. Normal Operators on Hilbert Space,,scan_with_ocr_layer,419,1,0,ai_review_passed,C:\Users\moc90\OneDrive\Desktop\workspace\Statistics\Functional Analysis\md\Conway\chapter-09.md,C:\Users\moc90\OneDrive\Desktop\workspace\Statistics\Functional Analysis\work\pdf-to-md\api\conway\conway-p0284-status.json
Conway,285,270,IX. Normal Operators on Hilbert Space,,scan_with_ocr_layer,598,1,0,ai_review_passed,C:\Users\moc90\OneDrive\Desktop\workspace\Statistics\Functional Analysis\md\Conway\chapter-09.md,C:\Users\moc90\OneDrive\Desktop\workspace\Statistics\Functional Analysis\work\pdf-to-md\api\conway\conway-p0285-status.json
Conway,286,271,IX. Normal Operators on Hilbert Space,,scan_with_ocr_layer,443,1,0,ai_review_passed,C:\Users\moc90\OneDrive\Desktop\workspace\Statistics\Functional Analysis\md\Conway\chapter-09.md,C:\Users\moc90\OneDrive\Desktop\workspace\Statistics\Functional Analysis\work\pdf-to-md\api\conway\conway-p0286-status.json
Conway,287,272,IX. Normal Operators on Hilbert Space,,scan_with_ocr_layer,497,1,0,ai_review_passed,C:\Users\moc90\OneDrive\Desktop\workspace\Statistics\Functional Analysis\md\Conway\chapter-09.md,C:\Users\moc90\OneDrive\Desktop\workspace\Statistics\Functional Analysis\work\pdf-to-md\api\conway\conway-p0287-status.json
Conway,288,273,IX. Normal Operators on Hilbert Space,,scan_with_ocr_layer,496,1,0,ai_review_passed,C:\Users\moc90\OneDrive\Desktop\workspace\Statistics\Functional Analysis\md\Conway\chapter-09.md,C:\Users\moc90\OneDrive\Desktop\workspace\Statistics\Functional Analysis\work\pdf-to-md\api\conway\conway-p0288-status.json
Conway,289,274,IX. Normal Operators on Hilbert Space,,scan_with_ocr_layer,397,1,0,ai_review_passed,C:\Users\moc90\OneDrive\Desktop\workspace\Statistics\Functional Analysis\md\Conway\chapter-09.md,C:\Users\moc90\OneDrive\Desktop\workspace\Statistics\Functional Analysis\work\pdf-to-md\api\conway\conway-p0289-status.json
Conway,290,275,IX. Normal Operators on Hilbert Space,,scan_with_ocr_layer,471,1,0,ai_review_passed,C:\Users\moc90\OneDrive\Desktop\workspace\Statistics\Functional Analysis\md\Conway\chapter-09.md,C:\Users\moc90\OneDrive\Desktop\workspace\Statistics\Functional Analysis\work\pdf-to-md\api\conway\conway-p0290-status.json
Conway,291,276,IX. Normal Operators on Hilbert Space,,scan_with_ocr_layer,477,1,0,ai_review_passed,C:\Users\moc90\OneDrive\Desktop\workspace\Statistics\Functional Analysis\md\Conway\chapter-09.md,C:\Users\moc90\OneDrive\Desktop\workspace\Statistics\Functional Analysis\work\pdf-to-md\api\conway\conway-p0291-status.json
Conway,292,277,IX. Normal Operators on Hilbert Space,,scan_with_ocr_layer,449,1,0,ai_review_passed,C:\Users\moc90\OneDrive\Desktop\workspace\Statistics\Functional Analysis\md\Conway\chapter-09.md,C:\Users\moc90\OneDrive\Desktop\workspace\Statistics\Functional Analysis\work\pdf-to-md\api\conway\conway-p0292-status.json
Conway,293,278,IX. Normal Operators on Hilbert Space,,scan_with_ocr_layer,433,1,0,ai_repair_passed,C:\Users\moc90\OneDrive\Desktop\workspace\Statistics\Functional Analysis\md\Conway\chapter-09.md,C:\Users\moc90\OneDrive\Desktop\workspace\Statistics\Functional Analysis\work\pdf-to-md\api\conway\conway-p0293-status.json
Conway,294,279,IX. Normal Operators on Hilbert Space,,scan_with_ocr_layer,396,1,0,ai_review_passed,C:\Users\moc90\OneDrive\Desktop\workspace\Statistics\Functional Analysis\md\Conway\chapter-09.md,C:\Users\moc90\OneDrive\Desktop\workspace\Statistics\Functional Analysis\work\pdf-to-md\api\conway\conway-p0294-status.json
Conway,295,280,IX. Normal Operators on Hilbert Space,,scan_with_ocr_layer,489,1,0,ai_review_passed,C:\Users\moc90\OneDrive\Desktop\workspace\Statistics\Functional Analysis\md\Conway\chapter-09.md,C:\Users\moc90\OneDrive\Desktop\workspace\Statistics\Functional Analysis\work\pdf-to-md\api\conway\conway-p0295-status.json
Conway,296,281,IX. Normal Operators on Hilbert Space,,scan_with_ocr_layer,478,1,0,ai_review_passed,C:\Users\moc90\OneDrive\Desktop\workspace\Statistics\Functional Analysis\md\Conway\chapter-09.md,C:\Users\moc90\OneDrive\Desktop\workspace\Statistics\Functional Analysis\work\pdf-to-md\api\conway\conway-p0296-status.json
Conway,297,282,IX. Normal Operators on Hilbert Space,,scan_with_ocr_layer,487,1,0,ai_review_passed,C:\Users\moc90\OneDrive\Desktop\workspace\Statistics\Functional Analysis\md\Conway\chapter-09.md,C:\Users\moc90\OneDrive\Desktop\workspace\Statistics\Functional Analysis\work\pdf-to-md\api\conway\conway-p0297-status.json
Conway,298,283,IX. Normal Operators on Hilbert Space,,scan_with_ocr_layer,480,1,0,ai_review_passed,C:\Users\moc90\OneDrive\Desktop\workspace\Statistics\Functional Analysis\md\Conway\chapter-09.md,C:\Users\moc90\OneDrive\Desktop\workspace\Statistics\Functional Analysis\work\pdf-to-md\api\conway\conway-p0298-status.json
Conway,299,284,IX. Normal Operators on Hilbert Space,,scan_with_ocr_layer,522,1,0,ai_review_passed,C:\Users\moc90\OneDrive\Desktop\workspace\Statistics\Functional Analysis\md\Conway\chapter-09.md,C:\Users\moc90\OneDrive\Desktop\workspace\Statistics\Functional Analysis\work\pdf-to-md\api\conway\conway-p0299-status.json
Conway,300,285,IX. Normal Operators on Hilbert Space,,scan_with_ocr_layer,395,1,0,ai_review_passed,C:\Users\moc90\OneDrive\Desktop\workspace\Statistics\Functional Analysis\md\Conway\chapter-09.md,C:\Users\moc90\OneDrive\Desktop\workspace\Statistics\Functional Analysis\work\pdf-to-md\api\conway\conway-p0300-status.json
Conway,301,286,IX. Normal Operators on Hilbert Space,,scan_with_ocr_layer,510,1,0,ai_review_passed,C:\Users\moc90\OneDrive\Desktop\workspace\Statistics\Functional Analysis\md\Conway\chapter-09.md,C:\Users\moc90\OneDrive\Desktop\workspace\Statistics\Functional Analysis\work\pdf-to-md\api\conway\conway-p0301-status.json
Conway,302,287,IX. Normal Operators on Hilbert Space,,scan_with_ocr_layer,523,1,0,ai_repair_passed,C:\Users\moc90\OneDrive\Desktop\workspace\Statistics\Functional Analysis\md\Conway\chapter-09.md,C:\Users\moc90\OneDrive\Desktop\workspace\Statistics\Functional Analysis\work\pdf-to-md\api\conway\conway-p0302-status.json
Conway,303,288,IX. Normal Operators on Hilbert Space,,scan_with_ocr_layer,402,1,0,ai_review_passed,C:\Users\moc90\OneDrive\Desktop\workspace\Statistics\Functional Analysis\md\Conway\chapter-09.md,C:\Users\moc90\OneDrive\Desktop\workspace\Statistics\Functional Analysis\work\pdf-to-md\api\conway\conway-p0303-status.json
Conway,304,289,IX. Normal Operators on Hilbert Space,,scan_with_ocr_layer,513,1,0,ai_review_passed,C:\Users\moc90\OneDrive\Desktop\workspace\Statistics\Functional Analysis\md\Conway\chapter-09.md,C:\Users\moc90\OneDrive\Desktop\workspace\Statistics\Functional Analysis\work\pdf-to-md\api\conway\conway-p0304-status.json
Conway,305,290,IX. Normal Operators on Hilbert Space,,scan_with_ocr_layer,476,1,0,ai_review_passed,C:\Users\moc90\OneDrive\Desktop\workspace\Statistics\Functional Analysis\md\Conway\chapter-09.md,C:\Users\moc90\OneDrive\Desktop\workspace\Statistics\Functional Analysis\work\pdf-to-md\api\conway\conway-p0305-status.json
Conway,306,291,IX. Normal Operators on Hilbert Space,,scan_with_ocr_layer,466,1,0,ai_review_passed,C:\Users\moc90\OneDrive\Desktop\workspace\Statistics\Functional Analysis\md\Conway\chapter-09.md,C:\Users\moc90\OneDrive\Desktop\workspace\Statistics\Functional Analysis\work\pdf-to-md\api\conway\conway-p0306-status.json
Conway,307,292,IX. Normal Operators on Hilbert Space,,scan_with_ocr_layer,457,1,0,ai_repair_passed,C:\Users\moc90\OneDrive\Desktop\workspace\Statistics\Functional Analysis\md\Conway\chapter-09.md,C:\Users\moc90\OneDrive\Desktop\workspace\Statistics\Functional Analysis\work\pdf-to-md\api\conway\conway-p0307-status.json
Conway,308,293,IX. Normal Operators on Hilbert Space,,scan_with_ocr_layer,510,1,0,agent_visual_review_passed,C:\Users\moc90\OneDrive\Desktop\workspace\Statistics\Functional Analysis\md\Conway\chapter-09.md,C:\Users\moc90\OneDrive\Desktop\workspace\Statistics\Functional Analysis\work\pdf-to-md\api\conway\conway-p0308-status.json
Conway,309,294,IX. Normal Operators on Hilbert Space,,scan_with_ocr_layer,576,1,0,agent_visual_review_passed,C:\Users\moc90\OneDrive\Desktop\workspace\Statistics\Functional Analysis\md\Conway\chapter-09.md,C:\Users\moc90\OneDrive\Desktop\workspace\Statistics\Functional Analysis\work\pdf-to-md\api\conway\conway-p0309-status.json
Conway,310,295,IX. Normal Operators on Hilbert Space,,scan_with_ocr_layer,575,1,0,ai_review_passed,C:\Users\moc90\OneDrive\Desktop\workspace\Statistics\Functional Analysis\md\Conway\chapter-09.md,C:\Users\moc90\OneDrive\Desktop\workspace\Statistics\Functional Analysis\work\pdf-to-md\api\conway\conway-p0310-status.json
Conway,311,296,IX. Normal Operators on Hilbert Space,,scan_with_ocr_layer,363,1,0,agent_visual_review_passed,C:\Users\moc90\OneDrive\Desktop\workspace\Statistics\Functional Analysis\md\Conway\chapter-09.md,C:\Users\moc90\OneDrive\Desktop\workspace\Statistics\Functional Analysis\work\pdf-to-md\api\conway\conway-p0311-status.json
Conway,312,297,IX. Normal Operators on Hilbert Space,,scan_with_ocr_layer,519,1,0,ai_review_passed,C:\Users\moc90\OneDrive\Desktop\workspace\Statistics\Functional Analysis\md\Conway\chapter-09.md,C:\Users\moc90\OneDrive\Desktop\workspace\Statistics\Functional Analysis\work\pdf-to-md\api\conway\conway-p0312-status.json
Conway,313,298,IX. Normal Operators on Hilbert Space,,scan_with_ocr_layer,458,1,0,ai_review_passed,C:\Users\moc90\OneDrive\Desktop\workspace\Statistics\Functional Analysis\md\Conway\chapter-09.md,C:\Users\moc90\OneDrive\Desktop\workspace\Statistics\Functional Analysis\work\pdf-to-md\api\conway\conway-p0313-status.json
Conway,314,299,IX. Normal Operators on Hilbert Space,,scan_with_ocr_layer,568,1,0,ai_review_passed,C:\Users\moc90\OneDrive\Desktop\workspace\Statistics\Functional Analysis\md\Conway\chapter-09.md,C:\Users\moc90\OneDrive\Desktop\workspace\Statistics\Functional Analysis\work\pdf-to-md\api\conway\conway-p0314-status.json
Conway,315,300,IX. Normal Operators on Hilbert Space,,scan_with_ocr_layer,468,1,0,ai_review_passed,C:\Users\moc90\OneDrive\Desktop\workspace\Statistics\Functional Analysis\md\Conway\chapter-09.md,C:\Users\moc90\OneDrive\Desktop\workspace\Statistics\Functional Analysis\work\pdf-to-md\api\conway\conway-p0315-status.json
Conway,316,301,IX. Normal Operators on Hilbert Space,,scan_with_ocr_layer,495,1,0,agent_visual_review_passed,C:\Users\moc90\OneDrive\Desktop\workspace\Statistics\Functional Analysis\md\Conway\chapter-09.md,C:\Users\moc90\OneDrive\Desktop\workspace\Statistics\Functional Analysis\work\pdf-to-md\api\conway\conway-p0316-status.json
Conway,317,302,IX. Normal Operators on Hilbert Space,,scan_with_ocr_layer,346,1,0,ai_review_passed,C:\Users\moc90\OneDrive\Desktop\workspace\Statistics\Functional Analysis\md\Conway\chapter-09.md,C:\Users\moc90\OneDrive\Desktop\workspace\Statistics\Functional Analysis\work\pdf-to-md\api\conway\conway-p0317-status.json
Conway,318,303,X. Unbounded Operators,,scan_with_ocr_layer,283,1,0,ai_review_passed,C:\Users\moc90\OneDrive\Desktop\workspace\Statistics\Functional Analysis\md\Conway\chapter-10.md,C:\Users\moc90\OneDrive\Desktop\workspace\Statistics\Functional Analysis\work\pdf-to-md\api\conway\conway-p0318-status.json
Conway,319,304,X. Unbounded Operators,,scan_with_ocr_layer,517,1,0,agent_visual_review_passed,C:\Users\moc90\OneDrive\Desktop\workspace\Statistics\Functional Analysis\md\Conway\chapter-10.md,C:\Users\moc90\OneDrive\Desktop\workspace\Statistics\Functional Analysis\work\pdf-to-md\api\conway\conway-p0319-status.json
Conway,320,305,X. Unbounded Operators,,scan_with_ocr_layer,422,1,0,agent_visual_review_passed,C:\Users\moc90\OneDrive\Desktop\workspace\Statistics\Functional Analysis\md\Conway\chapter-10.md,C:\Users\moc90\OneDrive\Desktop\workspace\Statistics\Functional Analysis\work\pdf-to-md\api\conway\conway-p0320-status.json
Conway,321,306,X. Unbounded Operators,,scan_with_ocr_layer,535,1,0,ai_review_passed,C:\Users\moc90\OneDrive\Desktop\workspace\Statistics\Functional Analysis\md\Conway\chapter-10.md,C:\Users\moc90\OneDrive\Desktop\workspace\Statistics\Functional Analysis\work\pdf-to-md\api\conway\conway-p0321-status.json
Conway,322,307,X. Unbounded Operators,,scan_with_ocr_layer,457,1,0,agent_visual_review_passed,C:\Users\moc90\OneDrive\Desktop\workspace\Statistics\Functional Analysis\md\Conway\chapter-10.md,C:\Users\moc90\OneDrive\Desktop\workspace\Statistics\Functional Analysis\work\pdf-to-md\api\conway\conway-p0322-status.json
Conway,323,308,X. Unbounded Operators,,scan_with_ocr_layer,417,1,0,ai_review_passed,C:\Users\moc90\OneDrive\Desktop\workspace\Statistics\Functional Analysis\md\Conway\chapter-10.md,C:\Users\moc90\OneDrive\Desktop\workspace\Statistics\Functional Analysis\work\pdf-to-md\api\conway\conway-p0323-status.json
Conway,324,309,X. Unbounded Operators,,scan_with_ocr_layer,363,1,0,ai_review_passed,C:\Users\moc90\OneDrive\Desktop\workspace\Statistics\Functional Analysis\md\Conway\chapter-10.md,C:\Users\moc90\OneDrive\Desktop\workspace\Statistics\Functional Analysis\work\pdf-to-md\api\conway\conway-p0324-status.json
Conway,325,310,X. Unbounded Operators,,scan_with_ocr_layer,434,1,0,ai_review_passed,C:\Users\moc90\OneDrive\Desktop\workspace\Statistics\Functional Analysis\md\Conway\chapter-10.md,C:\Users\moc90\OneDrive\Desktop\workspace\Statistics\Functional Analysis\work\pdf-to-md\api\conway\conway-p0325-status.json
Conway,326,311,X. Unbounded Operators,,scan_with_ocr_layer,418,1,0,ai_review_passed,C:\Users\moc90\OneDrive\Desktop\workspace\Statistics\Functional Analysis\md\Conway\chapter-10.md,C:\Users\moc90\OneDrive\Desktop\workspace\Statistics\Functional Analysis\work\pdf-to-md\api\conway\conway-p0326-status.json
Conway,327,312,X. Unbounded Operators,,scan_with_ocr_layer,400,1,0,ai_review_passed,C:\Users\moc90\OneDrive\Desktop\workspace\Statistics\Functional Analysis\md\Conway\chapter-10.md,C:\Users\moc90\OneDrive\Desktop\workspace\Statistics\Functional Analysis\work\pdf-to-md\api\conway\conway-p0327-status.json
Conway,328,313,X. Unbounded Operators,,scan_with_ocr_layer,424,1,0,agent_visual_review_passed,C:\Users\moc90\OneDrive\Desktop\workspace\Statistics\Functional Analysis\md\Conway\chapter-10.md,C:\Users\moc90\OneDrive\Desktop\workspace\Statistics\Functional Analysis\work\pdf-to-md\api\conway\conway-p0328-status.json
Conway,329,314,X. Unbounded Operators,,scan_with_ocr_layer,494,1,0,agent_visual_review_passed,C:\Users\moc90\OneDrive\Desktop\workspace\Statistics\Functional Analysis\md\Conway\chapter-10.md,C:\Users\moc90\OneDrive\Desktop\workspace\Statistics\Functional Analysis\work\pdf-to-md\api\conway\conway-p0329-status.json
Conway,330,315,X. Unbounded Operators,,scan_with_ocr_layer,520,1,0,agent_visual_review_passed,C:\Users\moc90\OneDrive\Desktop\workspace\Statistics\Functional Analysis\md\Conway\chapter-10.md,C:\Users\moc90\OneDrive\Desktop\workspace\Statistics\Functional Analysis\work\pdf-to-md\api\conway\conway-p0330-status.json
Conway,331,316,X. Unbounded Operators,,scan_with_ocr_layer,503,1,0,ai_review_passed,C:\Users\moc90\OneDrive\Desktop\workspace\Statistics\Functional Analysis\md\Conway\chapter-10.md,C:\Users\moc90\OneDrive\Desktop\workspace\Statistics\Functional Analysis\work\pdf-to-md\api\conway\conway-p0331-status.json
Conway,332,317,X. Unbounded Operators,,scan_with_ocr_layer,577,1,0,ai_review_passed,C:\Users\moc90\OneDrive\Desktop\workspace\Statistics\Functional Analysis\md\Conway\chapter-10.md,C:\Users\moc90\OneDrive\Desktop\workspace\Statistics\Functional Analysis\work\pdf-to-md\api\conway\conway-p0332-status.json
Conway,333,318,X. Unbounded Operators,,scan_with_ocr_layer,404,1,0,ai_review_passed,C:\Users\moc90\OneDrive\Desktop\workspace\Statistics\Functional Analysis\md\Conway\chapter-10.md,C:\Users\moc90\OneDrive\Desktop\workspace\Statistics\Functional Analysis\work\pdf-to-md\api\conway\conway-p0333-status.json
Conway,334,319,X. Unbounded Operators,,scan_with_ocr_layer,432,1,0,ai_review_passed,C:\Users\moc90\OneDrive\Desktop\workspace\Statistics\Functional Analysis\md\Conway\chapter-10.md,C:\Users\moc90\OneDrive\Desktop\workspace\Statistics\Functional Analysis\work\pdf-to-md\api\conway\conway-p0334-status.json
Conway,335,320,X. Unbounded Operators,,scan_with_ocr_layer,537,1,0,ai_review_passed,C:\Users\moc90\OneDrive\Desktop\workspace\Statistics\Functional Analysis\md\Conway\chapter-10.md,C:\Users\moc90\OneDrive\Desktop\workspace\Statistics\Functional Analysis\work\pdf-to-md\api\conway\conway-p0335-status.json
Conway,336,321,X. Unbounded Operators,,scan_with_ocr_layer,289,1,0,ai_review_passed,C:\Users\moc90\OneDrive\Desktop\workspace\Statistics\Functional Analysis\md\Conway\chapter-10.md,C:\Users\moc90\OneDrive\Desktop\workspace\Statistics\Functional Analysis\work\pdf-to-md\api\conway\conway-p0336-status.json
Conway,337,322,X. Unbounded Operators,,scan_with_ocr_layer,257,1,0,ai_review_passed,C:\Users\moc90\OneDrive\Desktop\workspace\Statistics\Functional Analysis\md\Conway\chapter-10.md,C:\Users\moc90\OneDrive\Desktop\workspace\Statistics\Functional Analysis\work\pdf-to-md\api\conway\conway-p0337-status.json
Conway,338,323,X. Unbounded Operators,,scan_with_ocr_layer,553,1,0,ai_review_passed,C:\Users\moc90\OneDrive\Desktop\workspace\Statistics\Functional Analysis\md\Conway\chapter-10.md,C:\Users\moc90\OneDrive\Desktop\workspace\Statistics\Functional Analysis\work\pdf-to-md\api\conway\conway-p0338-status.json
Conway,339,324,X. Unbounded Operators,,scan_with_ocr_layer,425,1,0,agent_visual_review_passed,C:\Users\moc90\OneDrive\Desktop\workspace\Statistics\Functional Analysis\md\Conway\chapter-10.md,C:\Users\moc90\OneDrive\Desktop\workspace\Statistics\Functional Analysis\work\pdf-to-md\api\conway\conway-p0339-status.json
Conway,340,325,X. Unbounded Operators,,scan_with_ocr_layer,384,1,0,ai_review_passed,C:\Users\moc90\OneDrive\Desktop\workspace\Statistics\Functional Analysis\md\Conway\chapter-10.md,C:\Users\moc90\OneDrive\Desktop\workspace\Statistics\Functional Analysis\work\pdf-to-md\api\conway\conway-p0340-status.json
Conway,341,326,X. Unbounded Operators,,scan_with_ocr_layer,480,1,0,ai_review_passed,C:\Users\moc90\OneDrive\Desktop\workspace\Statistics\Functional Analysis\md\Conway\chapter-10.md,C:\Users\moc90\OneDrive\Desktop\workspace\Statistics\Functional Analysis\work\pdf-to-md\api\conway\conway-p0341-status.json
Conway,342,327,X. Unbounded Operators,,scan_with_ocr_layer,403,1,0,ai_review_passed,C:\Users\moc90\OneDrive\Desktop\workspace\Statistics\Functional Analysis\md\Conway\chapter-10.md,C:\Users\moc90\OneDrive\Desktop\workspace\Statistics\Functional Analysis\work\pdf-to-md\api\conway\conway-p0342-status.json
Conway,343,328,X. Unbounded Operators,,scan_with_ocr_layer,391,1,0,agent_visual_review_passed,C:\Users\moc90\OneDrive\Desktop\workspace\Statistics\Functional Analysis\md\Conway\chapter-10.md,C:\Users\moc90\OneDrive\Desktop\workspace\Statistics\Functional Analysis\work\pdf-to-md\api\conway\conway-p0343-status.json
Conway,344,329,X. Unbounded Operators,,scan_with_ocr_layer,300,1,0,ai_review_passed,C:\Users\moc90\OneDrive\Desktop\workspace\Statistics\Functional Analysis\md\Conway\chapter-10.md,C:\Users\moc90\OneDrive\Desktop\workspace\Statistics\Functional Analysis\work\pdf-to-md\api\conway\conway-p0344-status.json
Conway,345,330,X. Unbounded Operators,,scan_with_ocr_layer,374,1,0,agent_visual_review_passed,C:\Users\moc90\OneDrive\Desktop\workspace\Statistics\Functional Analysis\md\Conway\chapter-10.md,C:\Users\moc90\OneDrive\Desktop\workspace\Statistics\Functional Analysis\work\pdf-to-md\api\conway\conway-p0345-status.json
Conway,346,331,X. Unbounded Operators,,scan_with_ocr_layer,195,1,0,ai_review_passed,C:\Users\moc90\OneDrive\Desktop\workspace\Statistics\Functional Analysis\md\Conway\chapter-10.md,C:\Users\moc90\OneDrive\Desktop\workspace\Statistics\Functional Analysis\work\pdf-to-md\api\conway\conway-p0346-status.json
Conway,347,332,X. Unbounded Operators,,scan_with_ocr_layer,320,1,0,agent_visual_review_passed,C:\Users\moc90\OneDrive\Desktop\workspace\Statistics\Functional Analysis\md\Conway\chapter-10.md,C:\Users\moc90\OneDrive\Desktop\workspace\Statistics\Functional Analysis\work\pdf-to-md\api\conway\conway-p0347-status.json
Conway,348,333,X. Unbounded Operators,,scan_with_ocr_layer,460,1,0,ai_review_passed,C:\Users\moc90\OneDrive\Desktop\workspace\Statistics\Functional Analysis\md\Conway\chapter-10.md,C:\Users\moc90\OneDrive\Desktop\workspace\Statistics\Functional Analysis\work\pdf-to-md\api\conway\conway-p0348-status.json
Conway,349,334,X. Unbounded Operators,,scan_with_ocr_layer,434,1,0,agent_visual_review_passed,C:\Users\moc90\OneDrive\Desktop\workspace\Statistics\Functional Analysis\md\Conway\chapter-10.md,C:\Users\moc90\OneDrive\Desktop\workspace\Statistics\Functional Analysis\work\pdf-to-md\api\conway\conway-p0349-status.json
Conway,350,335,X. Unbounded Operators,,scan_with_ocr_layer,354,1,0,ai_review_passed,C:\Users\moc90\OneDrive\Desktop\workspace\Statistics\Functional Analysis\md\Conway\chapter-10.md,C:\Users\moc90\OneDrive\Desktop\workspace\Statistics\Functional Analysis\work\pdf-to-md\api\conway\conway-p0350-status.json
Conway,351,336,X. Unbounded Operators,,scan_with_ocr_layer,385,1,0,agent_visual_review_passed,C:\Users\moc90\OneDrive\Desktop\workspace\Statistics\Functional Analysis\md\Conway\chapter-10.md,C:\Users\moc90\OneDrive\Desktop\workspace\Statistics\Functional Analysis\work\pdf-to-md\api\conway\conway-p0351-status.json
Conway,352,337,X. Unbounded Operators,,scan_with_ocr_layer,362,1,0,agent_visual_review_passed,C:\Users\moc90\OneDrive\Desktop\workspace\Statistics\Functional Analysis\md\Conway\chapter-10.md,C:\Users\moc90\OneDrive\Desktop\workspace\Statistics\Functional Analysis\work\pdf-to-md\api\conway\conway-p0352-status.json
Conway,353,338,X. Unbounded Operators,,scan_with_ocr_layer,207,1,0,ai_review_passed,C:\Users\moc90\OneDrive\Desktop\workspace\Statistics\Functional Analysis\md\Conway\chapter-10.md,C:\Users\moc90\OneDrive\Desktop\workspace\Statistics\Functional Analysis\work\pdf-to-md\api\conway\conway-p0353-status.json
Conway,354,339,X. Unbounded Operators,,scan_with_ocr_layer,192,1,0,ai_review_passed,C:\Users\moc90\OneDrive\Desktop\workspace\Statistics\Functional Analysis\md\Conway\chapter-10.md,C:\Users\moc90\OneDrive\Desktop\workspace\Statistics\Functional Analysis\work\pdf-to-md\api\conway\conway-p0354-status.json
Conway,355,340,X. Unbounded Operators,,scan_with_ocr_layer,223,1,0,agent_visual_review_passed,C:\Users\moc90\OneDrive\Desktop\workspace\Statistics\Functional Analysis\md\Conway\chapter-10.md,C:\Users\moc90\OneDrive\Desktop\workspace\Statistics\Functional Analysis\work\pdf-to-md\api\conway\conway-p0355-status.json
Conway,356,341,X. Unbounded Operators,,scan_with_ocr_layer,268,1,0,ai_review_passed,C:\Users\moc90\OneDrive\Desktop\workspace\Statistics\Functional Analysis\md\Conway\chapter-10.md,C:\Users\moc90\OneDrive\Desktop\workspace\Statistics\Functional Analysis\work\pdf-to-md\api\conway\conway-p0356-status.json
Conway,357,342,X. Unbounded Operators,,scan_with_ocr_layer,425,1,0,ai_review_passed,C:\Users\moc90\OneDrive\Desktop\workspace\Statistics\Functional Analysis\md\Conway\chapter-10.md,C:\Users\moc90\OneDrive\Desktop\workspace\Statistics\Functional Analysis\work\pdf-to-md\api\conway\conway-p0357-status.json
Conway,358,343,X. Unbounded Operators,,scan_with_ocr_layer,433,1,0,ai_review_passed,C:\Users\moc90\OneDrive\Desktop\workspace\Statistics\Functional Analysis\md\Conway\chapter-10.md,C:\Users\moc90\OneDrive\Desktop\workspace\Statistics\Functional Analysis\work\pdf-to-md\api\conway\conway-p0358-status.json
Conway,359,344,X. Unbounded Operators,,scan_with_ocr_layer,387,1,0,agent_visual_review_passed,C:\Users\moc90\OneDrive\Desktop\workspace\Statistics\Functional Analysis\md\Conway\chapter-10.md,C:\Users\moc90\OneDrive\Desktop\workspace\Statistics\Functional Analysis\work\pdf-to-md\api\conway\conway-p0359-status.json
Conway,360,345,X. Unbounded Operators,,scan_with_ocr_layer,573,1,0,agent_visual_review_passed,C:\Users\moc90\OneDrive\Desktop\workspace\Statistics\Functional Analysis\md\Conway\chapter-10.md,C:\Users\moc90\OneDrive\Desktop\workspace\Statistics\Functional Analysis\work\pdf-to-md\api\conway\conway-p0360-status.json
Conway,361,346,X. Unbounded Operators,,scan_with_ocr_layer,178,1,0,ai_review_passed,C:\Users\moc90\OneDrive\Desktop\workspace\Statistics\Functional Analysis\md\Conway\chapter-10.md,C:\Users\moc90\OneDrive\Desktop\workspace\Statistics\Functional Analysis\work\pdf-to-md\api\conway\conway-p0361-status.json
Conway,362,347,XI. Fredholm Theory,,scan_with_ocr_layer,234,1,0,ai_review_passed,C:\Users\moc90\OneDrive\Desktop\workspace\Statistics\Functional Analysis\md\Conway\chapter-11.md,C:\Users\moc90\OneDrive\Desktop\workspace\Statistics\Functional Analysis\work\pdf-to-md\api\conway\conway-p0362-status.json
Conway,363,348,XI. Fredholm Theory,,scan_with_ocr_layer,508,1,0,agent_visual_review_passed,C:\Users\moc90\OneDrive\Desktop\workspace\Statistics\Functional Analysis\md\Conway\chapter-11.md,C:\Users\moc90\OneDrive\Desktop\workspace\Statistics\Functional Analysis\work\pdf-to-md\api\conway\conway-p0363-status.json
Conway,364,349,XI. Fredholm Theory,,scan_with_ocr_layer,415,1,0,ai_review_passed,C:\Users\moc90\OneDrive\Desktop\workspace\Statistics\Functional Analysis\md\Conway\chapter-11.md,C:\Users\moc90\OneDrive\Desktop\workspace\Statistics\Functional Analysis\work\pdf-to-md\api\conway\conway-p0364-status.json
Conway,365,350,XI. Fredholm Theory,,scan_with_ocr_layer,578,1,0,agent_visual_review_passed,C:\Users\moc90\OneDrive\Desktop\workspace\Statistics\Functional Analysis\md\Conway\chapter-11.md,C:\Users\moc90\OneDrive\Desktop\workspace\Statistics\Functional Analysis\work\pdf-to-md\api\conway\conway-p0365-status.json
Conway,366,351,XI. Fredholm Theory,,scan_with_ocr_layer,551,1,0,agent_visual_review_passed,C:\Users\moc90\OneDrive\Desktop\workspace\Statistics\Functional Analysis\md\Conway\chapter-11.md,C:\Users\moc90\OneDrive\Desktop\workspace\Statistics\Functional Analysis\work\pdf-to-md\api\conway\conway-p0366-status.json
Conway,367,352,XI. Fredholm Theory,,scan_with_ocr_layer,459,1,0,ai_review_passed,C:\Users\moc90\OneDrive\Desktop\workspace\Statistics\Functional Analysis\md\Conway\chapter-11.md,C:\Users\moc90\OneDrive\Desktop\workspace\Statistics\Functional Analysis\work\pdf-to-md\api\conway\conway-p0367-status.json
Conway,368,353,XI. Fredholm Theory,,scan_with_ocr_layer,409,1,0,ai_review_passed,C:\Users\moc90\OneDrive\Desktop\workspace\Statistics\Functional Analysis\md\Conway\chapter-11.md,C:\Users\moc90\OneDrive\Desktop\workspace\Statistics\Functional Analysis\work\pdf-to-md\api\conway\conway-p0368-status.json
Conway,369,354,XI. Fredholm Theory,,scan_with_ocr_layer,442,1,0,ai_review_passed,C:\Users\moc90\OneDrive\Desktop\workspace\Statistics\Functional Analysis\md\Conway\chapter-11.md,C:\Users\moc90\OneDrive\Desktop\workspace\Statistics\Functional Analysis\work\pdf-to-md\api\conway\conway-p0369-status.json
Conway,370,355,XI. Fredholm Theory,,scan_with_ocr_layer,310,1,0,agent_visual_review_passed,C:\Users\moc90\OneDrive\Desktop\workspace\Statistics\Functional Analysis\md\Conway\chapter-11.md,C:\Users\moc90\OneDrive\Desktop\workspace\Statistics\Functional Analysis\work\pdf-to-md\api\conway\conway-p0370-status.json
Conway,371,356,XI. Fredholm Theory,,scan_with_ocr_layer,511,1,0,agent_visual_review_passed,C:\Users\moc90\OneDrive\Desktop\workspace\Statistics\Functional Analysis\md\Conway\chapter-11.md,C:\Users\moc90\OneDrive\Desktop\workspace\Statistics\Functional Analysis\work\pdf-to-md\api\conway\conway-p0371-status.json
Conway,372,357,XI. Fredholm Theory,,scan_with_ocr_layer,393,1,0,ai_review_passed,C:\Users\moc90\OneDrive\Desktop\workspace\Statistics\Functional Analysis\md\Conway\chapter-11.md,C:\Users\moc90\OneDrive\Desktop\workspace\Statistics\Functional Analysis\work\pdf-to-md\api\conway\conway-p0372-status.json
Conway,373,358,XI. Fredholm Theory,,scan_with_ocr_layer,380,1,0,agent_visual_review_passed,C:\Users\moc90\OneDrive\Desktop\workspace\Statistics\Functional Analysis\md\Conway\chapter-11.md,C:\Users\moc90\OneDrive\Desktop\workspace\Statistics\Functional Analysis\work\pdf-to-md\api\conway\conway-p0373-status.json
Conway,374,359,XI. Fredholm Theory,,scan_with_ocr_layer,450,1,0,ai_review_passed,C:\Users\moc90\OneDrive\Desktop\workspace\Statistics\Functional Analysis\md\Conway\chapter-11.md,C:\Users\moc90\OneDrive\Desktop\workspace\Statistics\Functional Analysis\work\pdf-to-md\api\conway\conway-p0374-status.json
Conway,375,360,XI. Fredholm Theory,,scan_with_ocr_layer,444,1,0,ai_review_passed,C:\Users\moc90\OneDrive\Desktop\workspace\Statistics\Functional Analysis\md\Conway\chapter-11.md,C:\Users\moc90\OneDrive\Desktop\workspace\Statistics\Functional Analysis\work\pdf-to-md\api\conway\conway-p0375-status.json
Conway,376,361,XI. Fredholm Theory,,scan_with_ocr_layer,528,1,0,ai_review_passed,C:\Users\moc90\OneDrive\Desktop\workspace\Statistics\Functional Analysis\md\Conway\chapter-11.md,C:\Users\moc90\OneDrive\Desktop\workspace\Statistics\Functional Analysis\work\pdf-to-md\api\conway\conway-p0376-status.json
Conway,377,362,XI. Fredholm Theory,,scan_with_ocr_layer,481,1,0,ai_review_passed,C:\Users\moc90\OneDrive\Desktop\workspace\Statistics\Functional Analysis\md\Conway\chapter-11.md,C:\Users\moc90\OneDrive\Desktop\workspace\Statistics\Functional Analysis\work\pdf-to-md\api\conway\conway-p0377-status.json
Conway,378,363,XI. Fredholm Theory,,scan_with_ocr_layer,450,1,0,ai_review_passed,C:\Users\moc90\OneDrive\Desktop\workspace\Statistics\Functional Analysis\md\Conway\chapter-11.md,C:\Users\moc90\OneDrive\Desktop\workspace\Statistics\Functional Analysis\work\pdf-to-md\api\conway\conway-p0378-status.json
Conway,379,364,XI. Fredholm Theory,,scan_with_ocr_layer,495,1,0,ai_review_passed,C:\Users\moc90\OneDrive\Desktop\workspace\Statistics\Functional Analysis\md\Conway\chapter-11.md,C:\Users\moc90\OneDrive\Desktop\workspace\Statistics\Functional Analysis\work\pdf-to-md\api\conway\conway-p0379-status.json
Conway,380,365,XI. Fredholm Theory,,scan_with_ocr_layer,593,1,0,ai_review_passed,C:\Users\moc90\OneDrive\Desktop\workspace\Statistics\Functional Analysis\md\Conway\chapter-11.md,C:\Users\moc90\OneDrive\Desktop\workspace\Statistics\Functional Analysis\work\pdf-to-md\api\conway\conway-p0380-status.json
Conway,381,366,XI. Fredholm Theory,,scan_with_ocr_layer,423,1,0,ai_review_passed,C:\Users\moc90\OneDrive\Desktop\workspace\Statistics\Functional Analysis\md\Conway\chapter-11.md,C:\Users\moc90\OneDrive\Desktop\workspace\Statistics\Functional Analysis\work\pdf-to-md\api\conway\conway-p0381-status.json
Conway,382,367,XI. Fredholm Theory,,scan_with_ocr_layer,563,1,0,ai_review_passed,C:\Users\moc90\OneDrive\Desktop\workspace\Statistics\Functional Analysis\md\Conway\chapter-11.md,C:\Users\moc90\OneDrive\Desktop\workspace\Statistics\Functional Analysis\work\pdf-to-md\api\conway\conway-p0382-status.json
Conway,383,368,XI. Fredholm Theory,,scan_with_ocr_layer,85,1,0,ai_review_passed,C:\Users\moc90\OneDrive\Desktop\workspace\Statistics\Functional Analysis\md\Conway\chapter-11.md,C:\Users\moc90\OneDrive\Desktop\workspace\Statistics\Functional Analysis\work\pdf-to-md\api\conway\conway-p0383-status.json
Conway,384,369,,,scan_with_ocr_layer,329,1,0,ai_review_passed,C:\Users\moc90\OneDrive\Desktop\workspace\Statistics\Functional Analysis\md\Conway\appendix-a.md,C:\Users\moc90\OneDrive\Desktop\workspace\Statistics\Functional Analysis\work\pdf-to-md\api\conway\conway-p0384-status.json
Conway,385,370,,,scan_with_ocr_layer,530,1,0,ai_review_passed,C:\Users\moc90\OneDrive\Desktop\workspace\Statistics\Functional Analysis\md\Conway\appendix-a.md,C:\Users\moc90\OneDrive\Desktop\workspace\Statistics\Functional Analysis\work\pdf-to-md\api\conway\conway-p0385-status.json
Conway,386,371,,,scan_with_ocr_layer,455,1,0,agent_visual_review_passed,C:\Users\moc90\OneDrive\Desktop\workspace\Statistics\Functional Analysis\md\Conway\appendix-a.md,C:\Users\moc90\OneDrive\Desktop\workspace\Statistics\Functional Analysis\work\pdf-to-md\api\conway\conway-p0386-status.json
Conway,387,372,,,scan_with_ocr_layer,566,1,0,ai_review_passed,C:\Users\moc90\OneDrive\Desktop\workspace\Statistics\Functional Analysis\md\Conway\appendix-a.md,C:\Users\moc90\OneDrive\Desktop\workspace\Statistics\Functional Analysis\work\pdf-to-md\api\conway\conway-p0387-status.json
Conway,388,373,,,scan_with_ocr_layer,532,1,0,ai_review_passed,C:\Users\moc90\OneDrive\Desktop\workspace\Statistics\Functional Analysis\md\Conway\appendix-a.md,C:\Users\moc90\OneDrive\Desktop\workspace\Statistics\Functional Analysis\work\pdf-to-md\api\conway\conway-p0388-status.json
Conway,389,374,,,scan_with_ocr_layer,290,1,0,ai_review_passed,C:\Users\moc90\OneDrive\Desktop\workspace\Statistics\Functional Analysis\md\Conway\appendix-a.md,C:\Users\moc90\OneDrive\Desktop\workspace\Statistics\Functional Analysis\work\pdf-to-md\api\conway\conway-p0389-status.json
Conway,390,375,,,scan_with_ocr_layer,248,1,0,ai_review_passed,C:\Users\moc90\OneDrive\Desktop\workspace\Statistics\Functional Analysis\md\Conway\appendix-b.md,C:\Users\moc90\OneDrive\Desktop\workspace\Statistics\Functional Analysis\work\pdf-to-md\api\conway\conway-p0390-status.json
Conway,391,376,,,scan_with_ocr_layer,412,1,0,ai_review_passed,C:\Users\moc90\OneDrive\Desktop\workspace\Statistics\Functional Analysis\md\Conway\appendix-b.md,C:\Users\moc90\OneDrive\Desktop\workspace\Statistics\Functional Analysis\work\pdf-to-md\api\conway\conway-p0391-status.json
Conway,392,377,,,scan_with_ocr_layer,287,1,0,ai_review_passed,C:\Users\moc90\OneDrive\Desktop\workspace\Statistics\Functional Analysis\md\Conway\appendix-b.md,C:\Users\moc90\OneDrive\Desktop\workspace\Statistics\Functional Analysis\work\pdf-to-md\api\conway\conway-p0392-status.json
Conway,393,378,,,scan_with_ocr_layer,347,1,0,ai_review_passed,C:\Users\moc90\OneDrive\Desktop\workspace\Statistics\Functional Analysis\md\Conway\appendix-c.md,C:\Users\moc90\OneDrive\Desktop\workspace\Statistics\Functional Analysis\work\pdf-to-md\api\conway\conway-p0393-status.json
Conway,394,379,,,scan_with_ocr_layer,362,1,0,ai_review_passed,C:\Users\moc90\OneDrive\Desktop\workspace\Statistics\Functional Analysis\md\Conway\appendix-c.md,C:\Users\moc90\OneDrive\Desktop\workspace\Statistics\Functional Analysis\work\pdf-to-md\api\conway\conway-p0394-status.json
Conway,395,380,,,scan_with_ocr_layer,439,1,0,ai_review_passed,C:\Users\moc90\OneDrive\Desktop\workspace\Statistics\Functional Analysis\md\Conway\appendix-c.md,C:\Users\moc90\OneDrive\Desktop\workspace\Statistics\Functional Analysis\work\pdf-to-md\api\conway\conway-p0395-status.json
Conway,396,381,,,scan_with_ocr_layer,452,1,0,ai_review_passed,C:\Users\moc90\OneDrive\Desktop\workspace\Statistics\Functional Analysis\md\Conway\appendix-c.md,C:\Users\moc90\OneDrive\Desktop\workspace\Statistics\Functional Analysis\work\pdf-to-md\api\conway\conway-p0396-status.json
Conway,397,382,,,scan_with_ocr_layer,487,1,0,ai_review_passed,C:\Users\moc90\OneDrive\Desktop\workspace\Statistics\Functional Analysis\md\Conway\appendix-c.md,C:\Users\moc90\OneDrive\Desktop\workspace\Statistics\Functional Analysis\work\pdf-to-md\api\conway\conway-p0397-status.json
Conway,398,383,,,scan_with_ocr_layer,284,1,0,agent_visual_review_passed,C:\Users\moc90\OneDrive\Desktop\workspace\Statistics\Functional Analysis\md\Conway\appendix-c.md,C:\Users\moc90\OneDrive\Desktop\workspace\Statistics\Functional Analysis\work\pdf-to-md\api\conway\conway-p0398-status.json
Conway,399,384,,,scan_with_ocr_layer,286,1,0,ai_review_passed,C:\Users\moc90\OneDrive\Desktop\workspace\Statistics\Functional Analysis\md\Conway\bibliography.md,C:\Users\moc90\OneDrive\Desktop\workspace\Statistics\Functional Analysis\work\pdf-to-md\api\conway\conway-p0399-status.json
Conway,400,385,,,scan_with_ocr_layer,473,1,0,ai_review_passed,C:\Users\moc90\OneDrive\Desktop\workspace\Statistics\Functional Analysis\md\Conway\bibliography.md,C:\Users\moc90\OneDrive\Desktop\workspace\Statistics\Functional Analysis\work\pdf-to-md\api\conway\conway-p0400-status.json
Conway,401,386,,,scan_with_ocr_layer,435,1,0,ai_review_passed,C:\Users\moc90\OneDrive\Desktop\workspace\Statistics\Functional Analysis\md\Conway\bibliography.md,C:\Users\moc90\OneDrive\Desktop\workspace\Statistics\Functional Analysis\work\pdf-to-md\api\conway\conway-p0401-status.json
Conway,402,387,,,scan_with_ocr_layer,465,1,0,ai_review_passed,C:\Users\moc90\OneDrive\Desktop\workspace\Statistics\Functional Analysis\md\Conway\bibliography.md,C:\Users\moc90\OneDrive\Desktop\workspace\Statistics\Functional Analysis\work\pdf-to-md\api\conway\conway-p0402-status.json
Conway,403,388,,,scan_with_ocr_layer,437,1,0,ai_review_passed,C:\Users\moc90\OneDrive\Desktop\workspace\Statistics\Functional Analysis\md\Conway\bibliography.md,C:\Users\moc90\OneDrive\Desktop\workspace\Statistics\Functional Analysis\work\pdf-to-md\api\conway\conway-p0403-status.json
Conway,404,389,,,scan_with_ocr_layer,247,1,0,ai_review_passed,C:\Users\moc90\OneDrive\Desktop\workspace\Statistics\Functional Analysis\md\Conway\bibliography.md,C:\Users\moc90\OneDrive\Desktop\workspace\Statistics\Functional Analysis\work\pdf-to-md\api\conway\conway-p0404-status.json
Conway,405,390,,,mixed_or_sparse,78,1,0,agent_visual_review_passed,C:\Users\moc90\OneDrive\Desktop\workspace\Statistics\Functional Analysis\md\Conway\bibliography.md,C:\Users\moc90\OneDrive\Desktop\workspace\Statistics\Functional Analysis\work\pdf-to-md\api\conway\conway-p0405-status.json
Conway,406,391,,,scan_with_ocr_layer,132,1,0,agent_visual_review_passed,C:\Users\moc90\OneDrive\Desktop\workspace\Statistics\Functional Analysis\md\Conway\bibliography.md,C:\Users\moc90\OneDrive\Desktop\workspace\Statistics\Functional Analysis\work\pdf-to-md\api\conway\conway-p0406-status.json
Conway,407,392,,,scan_with_ocr_layer,127,1,0,agent_visual_review_passed,C:\Users\moc90\OneDrive\Desktop\workspace\Statistics\Functional Analysis\md\Conway\bibliography.md,C:\Users\moc90\OneDrive\Desktop\workspace\Statistics\Functional Analysis\work\pdf-to-md\api\conway\conway-p0407-status.json
Conway,408,393,,,scan_with_ocr_layer,84,1,0,agent_visual_review_passed,C:\Users\moc90\OneDrive\Desktop\workspace\Statistics\Functional Analysis\md\Conway\bibliography.md,C:\Users\moc90\OneDrive\Desktop\workspace\Statistics\Functional Analysis\work\pdf-to-md\api\conway\conway-p0408-status.json
Conway,409,394,,,scan_with_ocr_layer,192,1,0,ai_review_passed,C:\Users\moc90\OneDrive\Desktop\workspace\Statistics\Functional Analysis\md\Conway\index.md,C:\Users\moc90\OneDrive\Desktop\workspace\Statistics\Functional Analysis\work\pdf-to-md\api\conway\conway-p0409-status.json
Conway,410,395,,,scan_with_ocr_layer,324,1,0,ai_review_passed,C:\Users\moc90\OneDrive\Desktop\workspace\Statistics\Functional Analysis\md\Conway\index.md,C:\Users\moc90\OneDrive\Desktop\workspace\Statistics\Functional Analysis\work\pdf-to-md\api\conway\conway-p0410-status.json
Conway,411,396,,,scan_with_ocr_layer,357,1,0,ai_review_passed,C:\Users\moc90\OneDrive\Desktop\workspace\Statistics\Functional Analysis\md\Conway\index.md,C:\Users\moc90\OneDrive\Desktop\workspace\Statistics\Functional Analysis\work\pdf-to-md\api\conway\conway-p0411-status.json
Conway,412,397,,,scan_with_ocr_layer,356,1,0,ai_review_passed,C:\Users\moc90\OneDrive\Desktop\workspace\Statistics\Functional Analysis\md\Conway\index.md,C:\Users\moc90\OneDrive\Desktop\workspace\Statistics\Functional Analysis\work\pdf-to-md\api\conway\conway-p0412-status.json
Conway,413,398,,,scan_with_ocr_layer,347,1,0,ai_review_passed,C:\Users\moc90\OneDrive\Desktop\workspace\Statistics\Functional Analysis\md\Conway\index.md,C:\Users\moc90\OneDrive\Desktop\workspace\Statistics\Functional Analysis\work\pdf-to-md\api\conway\conway-p0413-status.json
Conway,414,399,,,scan_with_ocr_layer,504,1,0,agent_visual_review_passed,C:\Users\moc90\OneDrive\Desktop\workspace\Statistics\Functional Analysis\md\Conway\index.md,C:\Users\moc90\OneDrive\Desktop\workspace\Statistics\Functional Analysis\work\pdf-to-md\api\conway\conway-p0414-status.json
Conway,415,400,,,scan_with_ocr_layer,502,1,0,ai_review_passed,C:\Users\moc90\OneDrive\Desktop\workspace\Statistics\Functional Analysis\md\Conway\index.md,C:\Users\moc90\OneDrive\Desktop\workspace\Statistics\Functional Analysis\work\pdf-to-md\api\conway\conway-p0415-status.json
Conway,416,401,,,scan_with_ocr_layer,218,1,0,ai_review_passed,C:\Users\moc90\OneDrive\Desktop\workspace\Statistics\Functional Analysis\md\Conway\index.md,C:\Users\moc90\OneDrive\Desktop\workspace\Statistics\Functional Analysis\work\pdf-to-md\api\conway\conway-p0416-status.json
